image_name,label
img_9847.jpg,1
img_33541.jpg,1
img_20295.jpg,1
img_35648.jpg,0
img_24267.jpg,0
img_23257.jpg,1
img_28312.jpg,0
img_9130.jpg,0
img_7140.jpg,0
img_8865.jpg,1
img_19073.jpg,0
img_31806.jpg,1
img_30352.jpg,1
img_3059.jpg,0
img_12938.jpg,1
img_31036.jpg,0
img_9783.jpg,0
img_2606.jpg,1
img_39040.jpg,0
img_30641.jpg,1
img_15151.jpg,0
img_13580.jpg,0
img_25208.jpg,0
img_1885.jpg,1
img_27388.jpg,0
img_29256.jpg,0
img_8738.jpg,0
img_26037.jpg,1
img_19370.jpg,1
img_21109.jpg,0
img_1356.jpg,0
img_13716.jpg,0
img_14517.jpg,0
img_12385.jpg,0
img_34436.jpg,0
img_26839.jpg,0
img_987.jpg,1
img_11158.jpg,0
img_6543.jpg,0
img_2927.jpg,1
img_4103.jpg,0
img_15336.jpg,0
img_22621.jpg,0
img_5399.jpg,0
img_20190.jpg,0
img_30232.jpg,0
img_27299.jpg,1
img_10970.jpg,1
img_21366.jpg,1
img_24110.jpg,1
img_41567.jpg,0
img_23819.jpg,0
img_14039.jpg,1
img_30983.jpg,1
img_40608.jpg,0
img_5819.jpg,0
img_6870.jpg,0
img_35136.jpg,1
img_7055.jpg,0
img_41215.jpg,0
img_19321.jpg,1
img_9464.jpg,0
img_3978.jpg,0
img_12162.jpg,1
img_17301.jpg,0
img_35759.jpg,0
img_28853.jpg,1
img_20884.jpg,0
img_19585.jpg,1
img_10463.jpg,0
img_9690.jpg,1
img_32414.jpg,0
img_12771.jpg,1
img_4969.jpg,1
img_21267.jpg,1
img_7081.jpg,0
img_8000.jpg,1
img_19797.jpg,1
img_18889.jpg,1
img_13036.jpg,1
img_1071.jpg,1
img_9270.jpg,0
img_10621.jpg,0
img_1136.jpg,1
img_32204.jpg,1
img_21154.jpg,1
img_15687.jpg,0
img_29088.jpg,0
img_26108.jpg,0
img_26299.jpg,0
img_2069.jpg,1
img_35970.jpg,1
img_35082.jpg,0
img_39445.jpg,1
img_19361.jpg,0
img_35520.jpg,1
img_23658.jpg,1
img_39114.jpg,1
img_31618.jpg,0
img_35788.jpg,1
img_653.jpg,1
img_13814.jpg,0
img_16929.jpg,1
img_14354.jpg,1
img_17797.jpg,1
img_7373.jpg,0
img_25264.jpg,1
img_18172.jpg,1
img_3401.jpg,0
img_18825.jpg,0
img_19156.jpg,1
img_12366.jpg,0
img_171.jpg,1
img_41353.jpg,0
img_33866.jpg,1
img_12780.jpg,0
img_31790.jpg,0
img_13027.jpg,0
img_24056.jpg,1
img_13628.jpg,1
img_32656.jpg,0
img_33122.jpg,0
img_41498.jpg,1
img_40867.jpg,1
img_22862.jpg,0
img_29147.jpg,0
img_13439.jpg,1
img_18258.jpg,0
img_7013.jpg,0
img_15265.jpg,0
img_27506.jpg,0
img_38916.jpg,1
img_11216.jpg,0
img_37295.jpg,1
img_1657.jpg,1
img_14154.jpg,1
img_21927.jpg,0
img_30437.jpg,1
img_10136.jpg,0
img_34122.jpg,0
img_32480.jpg,1
img_30802.jpg,1
img_896.jpg,0
img_9745.jpg,0
img_34879.jpg,0
img_37248.jpg,1
img_19869.jpg,1
img_11341.jpg,1
img_36511.jpg,0
img_11478.jpg,0
img_7470.jpg,1
img_33250.jpg,1
img_28208.jpg,0
img_21202.jpg,0
img_1260.jpg,0
img_3716.jpg,1
img_32792.jpg,1
img_23818.jpg,0
img_31351.jpg,0
img_16805.jpg,1
img_31897.jpg,1
img_14385.jpg,1
img_14033.jpg,1
img_32766.jpg,1
img_21234.jpg,1
img_24035.jpg,1
img_11040.jpg,1
img_15532.jpg,1
img_5896.jpg,1
img_22624.jpg,0
img_4028.jpg,1
img_19469.jpg,1
img_29651.jpg,1
img_29682.jpg,1
img_1472.jpg,0
img_14042.jpg,0
img_8212.jpg,1
img_29880.jpg,0
img_5091.jpg,0
img_37958.jpg,0
img_6307.jpg,1
img_7010.jpg,1
img_33927.jpg,1
img_39393.jpg,0
img_5591.jpg,0
img_17734.jpg,0
img_22370.jpg,0
img_21883.jpg,1
img_15363.jpg,0
img_39560.jpg,0
img_33160.jpg,0
img_37880.jpg,1
img_37268.jpg,0
img_22044.jpg,0
img_13899.jpg,1
img_28482.jpg,0
img_31573.jpg,1
img_20707.jpg,1
img_7363.jpg,0
img_35946.jpg,0
img_16564.jpg,1
img_25023.jpg,0
img_11692.jpg,0
img_29661.jpg,1
img_672.jpg,1
img_5941.jpg,0
img_1482.jpg,1
img_32612.jpg,0
img_18441.jpg,1
img_28260.jpg,0
img_39057.jpg,0
img_34061.jpg,0
img_24093.jpg,0
img_11537.jpg,0
img_7432.jpg,1
img_17053.jpg,0
img_7034.jpg,0
img_2032.jpg,1
img_4049.jpg,0
img_29433.jpg,1
img_23327.jpg,0
img_24266.jpg,0
img_23037.jpg,1
img_33835.jpg,1
img_20607.jpg,1
img_11107.jpg,1
img_23842.jpg,1
img_22827.jpg,1
img_30536.jpg,0
img_24701.jpg,1
img_24420.jpg,1
img_40322.jpg,0
img_37391.jpg,0
img_6249.jpg,1
img_4007.jpg,1
img_22569.jpg,1
img_3821.jpg,0
img_7311.jpg,0
img_1289.jpg,1
img_7007.jpg,0
img_14552.jpg,1
img_35085.jpg,1
img_39153.jpg,1
img_23049.jpg,1
img_36652.jpg,0
img_33671.jpg,0
img_18826.jpg,0
img_33461.jpg,1
img_5641.jpg,0
img_29240.jpg,1
img_14018.jpg,0
img_12577.jpg,0
img_10740.jpg,0
img_26755.jpg,1
img_36632.jpg,0
img_38449.jpg,1
img_27771.jpg,1
img_1697.jpg,1
img_17787.jpg,0
img_19964.jpg,0
img_38628.jpg,1
img_20804.jpg,1
img_35307.jpg,1
img_39701.jpg,1
img_27804.jpg,0
img_37754.jpg,0
img_22614.jpg,1
img_4.jpg,0
img_36337.jpg,0
img_222.jpg,1
img_24755.jpg,1
img_16465.jpg,1
img_15816.jpg,0
img_40684.jpg,1
img_34212.jpg,0
img_1754.jpg,0
img_7397.jpg,0
img_11310.jpg,0
img_868.jpg,1
img_26556.jpg,1
img_12803.jpg,1
img_41680.jpg,1
img_11708.jpg,1
img_32979.jpg,1
img_29680.jpg,1
img_8436.jpg,1
img_16168.jpg,0
img_6137.jpg,0
img_27914.jpg,1
img_27061.jpg,0
img_38572.jpg,0
img_18279.jpg,1
img_33639.jpg,1
img_27180.jpg,0
img_39047.jpg,0
img_9503.jpg,0
img_24375.jpg,0
img_957.jpg,1
img_16344.jpg,0
img_41431.jpg,0
img_28351.jpg,1
img_31080.jpg,0
img_8888.jpg,1
img_38905.jpg,1
img_10039.jpg,0
img_40337.jpg,1
img_8233.jpg,0
img_3740.jpg,0
img_7003.jpg,0
img_4000.jpg,1
img_9514.jpg,1
img_11141.jpg,1
img_4460.jpg,1
img_30638.jpg,0
img_20064.jpg,0
img_37864.jpg,1
img_34571.jpg,1
img_32412.jpg,1
img_30645.jpg,1
img_7472.jpg,0
img_39850.jpg,0
img_19074.jpg,0
img_25369.jpg,1
img_19397.jpg,0
img_11005.jpg,1
img_28665.jpg,0
img_10541.jpg,1
img_33127.jpg,0
img_25381.jpg,0
img_37263.jpg,1
img_36414.jpg,1
img_16104.jpg,0
img_8499.jpg,1
img_15976.jpg,1
img_21709.jpg,1
img_1728.jpg,1
img_5219.jpg,1
img_27764.jpg,1
img_17558.jpg,1
img_19904.jpg,0
img_8491.jpg,1
img_30465.jpg,0
img_8692.jpg,0
img_36992.jpg,1
img_20759.jpg,1
img_12975.jpg,1
img_8617.jpg,0
img_39490.jpg,1
img_22001.jpg,1
img_6680.jpg,1
img_23499.jpg,1
img_5668.jpg,1
img_23131.jpg,1
img_37648.jpg,1
img_28358.jpg,1
img_1272.jpg,1
img_3163.jpg,1
img_35981.jpg,0
img_32134.jpg,1
img_29909.jpg,0
img_22526.jpg,1
img_38883.jpg,1
img_21151.jpg,1
img_22307.jpg,0
img_8037.jpg,1
img_2911.jpg,1
img_23312.jpg,1
img_11869.jpg,1
img_11106.jpg,1
img_36105.jpg,1
img_24715.jpg,0
img_6057.jpg,1
img_11550.jpg,0
img_24488.jpg,1
img_528.jpg,1
img_15580.jpg,1
img_5516.jpg,1
img_14186.jpg,0
img_11767.jpg,1
img_41237.jpg,1
img_33638.jpg,0
img_15712.jpg,1
img_40264.jpg,1
img_18802.jpg,1
img_12292.jpg,1
img_31712.jpg,1
img_24085.jpg,0
img_28346.jpg,0
img_12683.jpg,0
img_41610.jpg,0
img_12415.jpg,0
img_2344.jpg,0
img_1.jpg,0
img_38906.jpg,1
img_11606.jpg,1
img_11980.jpg,1
img_19805.jpg,0
img_36669.jpg,1
img_38041.jpg,1
img_37171.jpg,1
img_2110.jpg,0
img_13641.jpg,1
img_31973.jpg,1
img_20236.jpg,0
img_31330.jpg,1
img_1029.jpg,0
img_17388.jpg,0
img_5967.jpg,0
img_3962.jpg,0
img_31657.jpg,0
img_32725.jpg,0
img_41280.jpg,0
img_2938.jpg,1
img_6898.jpg,0
img_23445.jpg,1
img_30459.jpg,1
img_19508.jpg,0
img_37459.jpg,1
img_36919.jpg,1
img_21810.jpg,0
img_34703.jpg,1
img_850.jpg,1
img_23121.jpg,1
img_35183.jpg,0
img_30444.jpg,1
img_23987.jpg,0
img_5490.jpg,1
img_26369.jpg,1
img_23956.jpg,1
img_10949.jpg,0
img_32113.jpg,0
img_26468.jpg,0
img_23472.jpg,0
img_13077.jpg,0
img_13302.jpg,0
img_8836.jpg,0
img_21376.jpg,1
img_32228.jpg,1
img_20317.jpg,0
img_30380.jpg,0
img_18451.jpg,0
img_11032.jpg,0
img_17486.jpg,0
img_15220.jpg,0
img_26134.jpg,1
img_12646.jpg,1
img_14873.jpg,1
img_19647.jpg,0
img_12540.jpg,1
img_37275.jpg,1
img_36389.jpg,0
img_7529.jpg,1
img_14759.jpg,0
img_34626.jpg,1
img_20094.jpg,1
img_33153.jpg,1
img_10815.jpg,0
img_7206.jpg,0
img_24280.jpg,1
img_28762.jpg,1
img_28837.jpg,1
img_15706.jpg,1
img_16649.jpg,0
img_16957.jpg,1
img_10508.jpg,1
img_18957.jpg,1
img_24145.jpg,1
img_20058.jpg,0
img_33902.jpg,1
img_18038.jpg,1
img_3399.jpg,1
img_37747.jpg,0
img_36186.jpg,1
img_28990.jpg,1
img_19368.jpg,1
img_22208.jpg,0
img_188.jpg,0
img_37925.jpg,1
img_1853.jpg,1
img_34432.jpg,0
img_38858.jpg,1
img_16284.jpg,1
img_22165.jpg,1
img_29540.jpg,1
img_25972.jpg,1
img_5632.jpg,0
img_41236.jpg,0
img_23807.jpg,1
img_38992.jpg,1
img_14345.jpg,1
img_38551.jpg,1
img_22416.jpg,1
img_29999.jpg,0
img_21530.jpg,1
img_9209.jpg,1
img_41271.jpg,0
img_7560.jpg,1
img_21041.jpg,1
img_14913.jpg,1
img_6207.jpg,1
img_6587.jpg,1
img_24118.jpg,0
img_21811.jpg,0
img_18015.jpg,1
img_18780.jpg,1
img_3702.jpg,0
img_25232.jpg,0
img_36642.jpg,0
img_27972.jpg,0
img_21953.jpg,1
img_21190.jpg,1
img_12244.jpg,1
img_27345.jpg,0
img_28046.jpg,1
img_4729.jpg,0
img_1834.jpg,1
img_29017.jpg,1
img_16744.jpg,0
img_30288.jpg,0
img_33046.jpg,0
img_201.jpg,0
img_692.jpg,1
img_637.jpg,1
img_9120.jpg,0
img_41274.jpg,1
img_33032.jpg,1
img_5727.jpg,0
img_14795.jpg,1
img_24160.jpg,1
img_19813.jpg,0
img_14267.jpg,0
img_30464.jpg,1
img_33465.jpg,0
img_33407.jpg,1
img_17286.jpg,1
img_3426.jpg,0
img_24640.jpg,1
img_9117.jpg,0
img_9094.jpg,1
img_19514.jpg,0
img_20006.jpg,1
img_37860.jpg,0
img_41093.jpg,1
img_12773.jpg,1
img_246.jpg,1
img_41378.jpg,1
img_31581.jpg,1
img_1747.jpg,0
img_37578.jpg,0
img_27769.jpg,1
img_2266.jpg,0
img_30714.jpg,1
img_24029.jpg,1
img_29495.jpg,1
img_31610.jpg,1
img_4989.jpg,1
img_28043.jpg,0
img_40244.jpg,0
img_29419.jpg,1
img_24724.jpg,0
img_19169.jpg,1
img_21286.jpg,1
img_36368.jpg,1
img_12652.jpg,0
img_20109.jpg,1
img_39196.jpg,0
img_3198.jpg,0
img_24419.jpg,0
img_37898.jpg,1
img_18917.jpg,1
img_28104.jpg,0
img_4851.jpg,1
img_24830.jpg,1
img_273.jpg,0
img_31189.jpg,0
img_37672.jpg,1
img_10584.jpg,1
img_30523.jpg,0
img_39746.jpg,0
img_7964.jpg,1
img_26631.jpg,0
img_30525.jpg,0
img_39100.jpg,0
img_29230.jpg,0
img_12471.jpg,0
img_40102.jpg,0
img_12126.jpg,1
img_21942.jpg,0
img_38065.jpg,1
img_17725.jpg,1
img_28664.jpg,1
img_8538.jpg,1
img_35281.jpg,1
img_36439.jpg,0
img_28583.jpg,1
img_11003.jpg,1
img_27586.jpg,1
img_4129.jpg,0
img_5787.jpg,1
img_20860.jpg,1
img_40129.jpg,0
img_36305.jpg,0
img_41589.jpg,1
img_41112.jpg,0
img_20085.jpg,1
img_14811.jpg,1
img_29085.jpg,1
img_26180.jpg,0
img_29619.jpg,0
img_12458.jpg,1
img_19986.jpg,1
img_23290.jpg,0
img_1141.jpg,0
img_5762.jpg,1
img_8463.jpg,0
img_13164.jpg,1
img_5510.jpg,0
img_40265.jpg,0
img_15807.jpg,0
img_21608.jpg,0
img_35405.jpg,1
img_11816.jpg,1
img_28569.jpg,0
img_8567.jpg,1
img_7639.jpg,1
img_712.jpg,1
img_11576.jpg,0
img_15581.jpg,1
img_16641.jpg,0
img_16781.jpg,0
img_7144.jpg,0
img_8594.jpg,1
img_35592.jpg,0
img_23722.jpg,1
img_25282.jpg,0
img_3697.jpg,0
img_40858.jpg,0
img_41329.jpg,1
img_26354.jpg,1
img_40373.jpg,0
img_22838.jpg,1
img_25490.jpg,0
img_26773.jpg,1
img_14956.jpg,1
img_29858.jpg,0
img_25417.jpg,1
img_2628.jpg,1
img_24967.jpg,0
img_2381.jpg,0
img_14371.jpg,0
img_10488.jpg,1
img_38441.jpg,1
img_28778.jpg,0
img_24829.jpg,0
img_40452.jpg,0
img_7086.jpg,1
img_22303.jpg,1
img_39091.jpg,1
img_6437.jpg,0
img_17500.jpg,1
img_15510.jpg,0
img_10370.jpg,1
img_25140.jpg,1
img_29731.jpg,0
img_30985.jpg,1
img_11718.jpg,1
img_40133.jpg,1
img_7715.jpg,0
img_9185.jpg,1
img_23436.jpg,0
img_14642.jpg,1
img_32834.jpg,1
img_19405.jpg,0
img_26203.jpg,0
img_17214.jpg,0
img_17898.jpg,0
img_29105.jpg,1
img_5972.jpg,1
img_34662.jpg,0
img_14090.jpg,0
img_35450.jpg,1
img_33186.jpg,1
img_4546.jpg,0
img_25690.jpg,0
img_36496.jpg,1
img_41637.jpg,0
img_7474.jpg,1
img_33769.jpg,1
img_17447.jpg,0
img_4119.jpg,0
img_16815.jpg,1
img_32660.jpg,1
img_39053.jpg,0
img_25548.jpg,0
img_40055.jpg,1
img_32164.jpg,1
img_279.jpg,0
img_13902.jpg,0
img_21332.jpg,1
img_26649.jpg,1
img_36043.jpg,0
img_20011.jpg,0
img_38227.jpg,1
img_12915.jpg,1
img_739.jpg,0
img_40120.jpg,1
img_26085.jpg,1
img_38351.jpg,1
img_38102.jpg,0
img_39852.jpg,1
img_30824.jpg,1
img_5480.jpg,0
img_33985.jpg,0
img_32016.jpg,0
img_24848.jpg,1
img_39741.jpg,1
img_2959.jpg,1
img_5704.jpg,0
img_22906.jpg,1
img_3261.jpg,0
img_12322.jpg,0
img_12306.jpg,1
img_25937.jpg,1
img_27049.jpg,1
img_8530.jpg,1
img_21457.jpg,1
img_27176.jpg,1
img_20045.jpg,0
img_29332.jpg,1
img_36449.jpg,0
img_40344.jpg,0
img_35376.jpg,0
img_31167.jpg,1
img_28902.jpg,1
img_28621.jpg,1
img_2526.jpg,0
img_9225.jpg,0
img_3468.jpg,1
img_4437.jpg,1
img_10314.jpg,1
img_18006.jpg,0
img_13676.jpg,1
img_31405.jpg,0
img_5720.jpg,1
img_31717.jpg,0
img_23252.jpg,0
img_13124.jpg,0
img_40283.jpg,1
img_720.jpg,1
img_12348.jpg,1
img_2443.jpg,0
img_9261.jpg,0
img_32014.jpg,1
img_25889.jpg,1
img_17851.jpg,1
img_30357.jpg,0
img_8241.jpg,0
img_154.jpg,1
img_25408.jpg,1
img_27184.jpg,0
img_34271.jpg,1
img_19667.jpg,1
img_4530.jpg,1
img_25561.jpg,0
img_22281.jpg,1
img_10377.jpg,1
img_34420.jpg,1
img_3409.jpg,1
img_30875.jpg,1
img_6386.jpg,1
img_4396.jpg,0
img_22400.jpg,1
img_12275.jpg,1
img_26112.jpg,1
img_8920.jpg,0
img_32407.jpg,0
img_4133.jpg,0
img_19939.jpg,0
img_9794.jpg,1
img_14747.jpg,1
img_795.jpg,0
img_14053.jpg,1
img_26793.jpg,0
img_38964.jpg,0
img_35846.jpg,1
img_2875.jpg,1
img_28940.jpg,0
img_37436.jpg,1
img_5363.jpg,0
img_39778.jpg,0
img_33600.jpg,0
img_21993.jpg,0
img_18840.jpg,0
img_23746.jpg,0
img_11815.jpg,0
img_22513.jpg,1
img_9769.jpg,0
img_22721.jpg,1
img_28520.jpg,0
img_6559.jpg,0
img_20118.jpg,0
img_29718.jpg,0
img_16833.jpg,0
img_40008.jpg,0
img_5140.jpg,1
img_28090.jpg,1
img_9972.jpg,1
img_36417.jpg,0
img_32170.jpg,1
img_12805.jpg,1
img_25510.jpg,1
img_18875.jpg,0
img_31516.jpg,0
img_30800.jpg,1
img_23752.jpg,1
img_39686.jpg,1
img_33218.jpg,0
img_30387.jpg,0
img_37842.jpg,1
img_26244.jpg,1
img_8612.jpg,0
img_26790.jpg,1
img_29179.jpg,1
img_10185.jpg,1
img_36182.jpg,1
img_36833.jpg,0
img_40774.jpg,1
img_22314.jpg,0
img_37284.jpg,1
img_35457.jpg,1
img_38051.jpg,0
img_28452.jpg,0
img_6705.jpg,1
img_33608.jpg,1
img_4352.jpg,1
img_23130.jpg,0
img_15630.jpg,0
img_10973.jpg,0
img_5764.jpg,0
img_7711.jpg,1
img_41478.jpg,1
img_9292.jpg,0
img_4632.jpg,1
img_31995.jpg,1
img_41877.jpg,1
img_16920.jpg,1
img_14601.jpg,0
img_16474.jpg,1
img_28916.jpg,1
img_30910.jpg,0
img_13596.jpg,0
img_18500.jpg,1
img_2502.jpg,0
img_1498.jpg,1
img_41518.jpg,1
img_37970.jpg,1
img_23650.jpg,0
img_11258.jpg,1
img_11721.jpg,0
img_27012.jpg,1
img_4527.jpg,0
img_28350.jpg,1
img_12729.jpg,0
img_5755.jpg,0
img_16331.jpg,0
img_1553.jpg,1
img_26708.jpg,0
img_18630.jpg,0
img_6935.jpg,1
img_8235.jpg,0
img_3612.jpg,1
img_25265.jpg,1
img_8733.jpg,0
img_16008.jpg,1
img_6657.jpg,1
img_23642.jpg,0
img_36604.jpg,1
img_30255.jpg,1
img_27997.jpg,1
img_22357.jpg,1
img_35052.jpg,1
img_40455.jpg,0
img_245.jpg,1
img_13779.jpg,0
img_15964.jpg,0
img_34009.jpg,1
img_32694.jpg,0
img_9669.jpg,0
img_31313.jpg,0
img_37998.jpg,0
img_39145.jpg,1
img_27983.jpg,0
img_6228.jpg,0
img_37711.jpg,1
img_18880.jpg,1
img_16754.jpg,0
img_35484.jpg,0
img_41919.jpg,1
img_10065.jpg,1
img_28546.jpg,1
img_25281.jpg,1
img_12929.jpg,1
img_19555.jpg,0
img_28003.jpg,1
img_7495.jpg,0
img_8472.jpg,0
img_12628.jpg,0
img_22100.jpg,1
img_19505.jpg,0
img_19659.jpg,1
img_7996.jpg,0
img_12995.jpg,1
img_23332.jpg,0
img_36774.jpg,1
img_39221.jpg,0
img_34948.jpg,0
img_27665.jpg,0
img_23462.jpg,1
img_39695.jpg,0
img_8929.jpg,0
img_13111.jpg,1
img_30271.jpg,1
img_26174.jpg,1
img_20775.jpg,0
img_32235.jpg,1
img_39636.jpg,0
img_37219.jpg,1
img_23829.jpg,1
img_20341.jpg,1
img_8296.jpg,1
img_30995.jpg,0
img_31490.jpg,0
img_32907.jpg,0
img_22356.jpg,1
img_18401.jpg,1
img_14987.jpg,1
img_7453.jpg,1
img_36245.jpg,1
img_26687.jpg,0
img_6724.jpg,1
img_27464.jpg,0
img_7448.jpg,0
img_24781.jpg,1
img_16441.jpg,1
img_28142.jpg,1
img_1148.jpg,1
img_26906.jpg,0
img_21672.jpg,0
img_31634.jpg,0
img_29497.jpg,1
img_16730.jpg,0
img_10907.jpg,0
img_15929.jpg,1
img_2104.jpg,0
img_16311.jpg,0
img_27204.jpg,0
img_11821.jpg,0
img_24224.jpg,1
img_22432.jpg,0
img_22154.jpg,1
img_30869.jpg,0
img_41169.jpg,0
img_10969.jpg,1
img_13365.jpg,0
img_19928.jpg,0
img_38713.jpg,0
img_9698.jpg,1
img_36736.jpg,1
img_7577.jpg,0
img_33942.jpg,1
img_20205.jpg,0
img_928.jpg,1
img_32249.jpg,1
img_33041.jpg,0
img_716.jpg,1
img_38429.jpg,1
img_2943.jpg,0
img_12043.jpg,1
img_24958.jpg,1
img_4624.jpg,0
img_18918.jpg,1
img_18011.jpg,0
img_15896.jpg,0
img_17347.jpg,0
img_12762.jpg,1
img_10870.jpg,1
img_38155.jpg,0
img_965.jpg,0
img_5153.jpg,0
img_38759.jpg,0
img_36640.jpg,1
img_22262.jpg,0
img_12744.jpg,0
img_35876.jpg,1
img_16732.jpg,1
img_35069.jpg,1
img_39881.jpg,0
img_26159.jpg,1
img_18381.jpg,0
img_33283.jpg,0
img_35801.jpg,0
img_7802.jpg,1
img_2753.jpg,0
img_41406.jpg,1
img_5746.jpg,1
img_25216.jpg,0
img_13110.jpg,1
img_35723.jpg,1
img_20938.jpg,0
img_31916.jpg,0
img_10258.jpg,1
img_14015.jpg,0
img_35887.jpg,1
img_33140.jpg,0
img_15054.jpg,1
img_14887.jpg,1
img_20108.jpg,0
img_40476.jpg,0
img_5849.jpg,1
img_28631.jpg,1
img_13695.jpg,0
img_26629.jpg,0
img_21310.jpg,1
img_9648.jpg,0
img_17504.jpg,1
img_28997.jpg,1
img_41621.jpg,1
img_35744.jpg,1
img_8256.jpg,1
img_16160.jpg,0
img_21838.jpg,1
img_31430.jpg,1
img_22545.jpg,0
img_23838.jpg,1
img_27164.jpg,0
img_20171.jpg,1
img_34278.jpg,0
img_40833.jpg,1
img_39523.jpg,1
img_34448.jpg,1
img_17250.jpg,0
img_5038.jpg,1
img_30252.jpg,1
img_14831.jpg,0
img_2194.jpg,1
img_8055.jpg,0
img_24925.jpg,0
img_14478.jpg,1
img_34814.jpg,0
img_24015.jpg,1
img_32699.jpg,0
img_22035.jpg,0
img_26630.jpg,0
img_32721.jpg,1
img_22187.jpg,1
img_28337.jpg,1
img_17202.jpg,1
img_25421.jpg,0
img_5964.jpg,1
img_3253.jpg,0
img_23567.jpg,0
img_20702.jpg,1
img_25001.jpg,0
img_2471.jpg,0
img_16677.jpg,0
img_10154.jpg,1
img_35269.jpg,0
img_37939.jpg,1
img_25927.jpg,1
img_15235.jpg,0
img_605.jpg,1
img_28505.jpg,1
img_985.jpg,0
img_18506.jpg,1
img_26332.jpg,1
img_9967.jpg,0
img_36478.jpg,1
img_38354.jpg,1
img_13366.jpg,1
img_31909.jpg,0
img_28772.jpg,1
img_10032.jpg,0
img_11091.jpg,1
img_27517.jpg,0
img_4663.jpg,1
img_23169.jpg,1
img_40209.jpg,0
img_17953.jpg,1
img_27151.jpg,0
img_7530.jpg,0
img_13356.jpg,1
img_20525.jpg,1
img_20887.jpg,0
img_24017.jpg,0
img_28308.jpg,0
img_3868.jpg,0
img_40429.jpg,0
img_32028.jpg,1
img_30242.jpg,1
img_2065.jpg,1
img_32372.jpg,1
img_635.jpg,0
img_21951.jpg,0
img_13704.jpg,1
img_7536.jpg,0
img_36224.jpg,1
img_33741.jpg,1
img_36331.jpg,0
img_18887.jpg,1
img_30231.jpg,1
img_14117.jpg,1
img_4099.jpg,1
img_37731.jpg,1
img_11785.jpg,0
img_24036.jpg,0
img_3298.jpg,1
img_24214.jpg,1
img_2369.jpg,0
img_26335.jpg,0
img_8978.jpg,1
img_18856.jpg,0
img_20608.jpg,0
img_17440.jpg,0
img_19921.jpg,0
img_9494.jpg,1
img_30047.jpg,1
img_9803.jpg,1
img_16701.jpg,1
img_29381.jpg,0
img_9050.jpg,0
img_36911.jpg,0
img_7682.jpg,0
img_2191.jpg,1
img_15994.jpg,1
img_12367.jpg,1
img_29624.jpg,0
img_23602.jpg,0
img_34507.jpg,0
img_30083.jpg,0
img_20492.jpg,0
img_37724.jpg,1
img_21094.jpg,1
img_40250.jpg,0
img_37139.jpg,1
img_33213.jpg,0
img_3366.jpg,1
img_35684.jpg,0
img_34249.jpg,0
img_16741.jpg,1
img_34903.jpg,0
img_9996.jpg,0
img_23519.jpg,1
img_32652.jpg,1
img_32070.jpg,0
img_30951.jpg,0
img_8106.jpg,1
img_32584.jpg,0
img_39787.jpg,1
img_1046.jpg,0
img_32912.jpg,0
img_21203.jpg,1
img_39456.jpg,1
img_15136.jpg,0
img_28402.jpg,1
img_25218.jpg,1
img_7508.jpg,0
img_11364.jpg,1
img_4097.jpg,0
img_12371.jpg,1
img_5037.jpg,0
img_11797.jpg,1
img_19545.jpg,1
img_26452.jpg,0
img_15992.jpg,1
img_27221.jpg,0
img_21446.jpg,1
img_38868.jpg,0
img_41568.jpg,0
img_26123.jpg,1
img_15759.jpg,1
img_22324.jpg,1
img_10676.jpg,1
img_2409.jpg,0
img_19253.jpg,1
img_36300.jpg,1
img_39885.jpg,1
img_7252.jpg,0
img_13666.jpg,0
img_25021.jpg,0
img_35294.jpg,0
img_22562.jpg,1
img_27702.jpg,0
img_40540.jpg,1
img_35944.jpg,1
img_23609.jpg,1
img_37890.jpg,1
img_23162.jpg,1
img_21564.jpg,0
img_3856.jpg,0
img_28172.jpg,0
img_2798.jpg,1
img_18140.jpg,1
img_12318.jpg,0
img_24104.jpg,1
img_39947.jpg,0
img_5856.jpg,1
img_14250.jpg,1
img_31632.jpg,0
img_26396.jpg,0
img_24871.jpg,0
img_10139.jpg,1
img_9635.jpg,0
img_25435.jpg,0
img_8376.jpg,1
img_8401.jpg,0
img_14663.jpg,0
img_9975.jpg,1
img_11090.jpg,0
img_21689.jpg,1
img_29075.jpg,0
img_30214.jpg,0
img_15678.jpg,1
img_41664.jpg,1
img_21316.jpg,0
img_20461.jpg,1
img_28828.jpg,1
img_16084.jpg,0
img_41513.jpg,0
img_9276.jpg,0
img_5886.jpg,0
img_13832.jpg,0
img_13269.jpg,1
img_974.jpg,0
img_39929.jpg,0
img_32337.jpg,0
img_29380.jpg,1
img_1142.jpg,1
img_34713.jpg,0
img_38207.jpg,0
img_22031.jpg,0
img_2863.jpg,1
img_36661.jpg,1
img_18692.jpg,1
img_26330.jpg,0
img_11855.jpg,0
img_41400.jpg,1
img_19438.jpg,1
img_12081.jpg,1
img_18161.jpg,0
img_36810.jpg,1
img_18217.jpg,0
img_16835.jpg,0
img_10101.jpg,1
img_14129.jpg,1
img_31413.jpg,1
img_3156.jpg,1
img_13406.jpg,0
img_4800.jpg,1
img_6599.jpg,0
img_3406.jpg,0
img_23172.jpg,0
img_34976.jpg,0
img_32860.jpg,0
img_5488.jpg,0
img_10146.jpg,0
img_11421.jpg,1
img_3078.jpg,1
img_7539.jpg,0
img_41189.jpg,1
img_9432.jpg,1
img_9701.jpg,1
img_40501.jpg,0
img_28599.jpg,0
img_27304.jpg,1
img_5122.jpg,1
img_39710.jpg,0
img_32551.jpg,0
img_39004.jpg,1
img_34857.jpg,1
img_35524.jpg,0
img_14072.jpg,0
img_12069.jpg,0
img_5431.jpg,0
img_2383.jpg,0
img_19483.jpg,0
img_11930.jpg,1
img_21859.jpg,1
img_15597.jpg,0
img_3957.jpg,0
img_24452.jpg,1
img_9184.jpg,1
img_39212.jpg,0
img_27596.jpg,0
img_2146.jpg,1
img_18255.jpg,1
img_15206.jpg,1
img_3520.jpg,1
img_30542.jpg,0
img_35439.jpg,0
img_23779.jpg,0
img_25308.jpg,1
img_8940.jpg,0
img_20780.jpg,1
img_33854.jpg,0
img_3295.jpg,1
img_14651.jpg,1
img_4657.jpg,1
img_16845.jpg,0
img_15609.jpg,0
img_11266.jpg,0
img_39818.jpg,0
img_1469.jpg,1
img_39149.jpg,0
img_10483.jpg,0
img_2374.jpg,1
img_35853.jpg,0
img_33230.jpg,0
img_11648.jpg,0
img_17920.jpg,1
img_2718.jpg,1
img_28121.jpg,0
img_12055.jpg,0
img_37765.jpg,0
img_13154.jpg,1
img_1548.jpg,1
img_13459.jpg,0
img_11993.jpg,1
img_9934.jpg,1
img_27649.jpg,1
img_39592.jpg,1
img_27425.jpg,0
img_2028.jpg,0
img_32970.jpg,1
img_14487.jpg,1
img_16152.jpg,0
img_1402.jpg,1
img_1784.jpg,0
img_32965.jpg,1
img_16271.jpg,1
img_32945.jpg,0
img_32807.jpg,1
img_7992.jpg,1
img_13319.jpg,0
img_5459.jpg,0
img_26569.jpg,1
img_33292.jpg,1
img_31596.jpg,0
img_30134.jpg,1
img_23205.jpg,0
img_26461.jpg,1
img_4863.jpg,1
img_6777.jpg,1
img_38452.jpg,0
img_11535.jpg,0
img_6665.jpg,0
img_19265.jpg,1
img_35119.jpg,0
img_39132.jpg,1
img_5154.jpg,0
img_34074.jpg,0
img_2825.jpg,0
img_30308.jpg,0
img_19612.jpg,1
img_29214.jpg,1
img_357.jpg,0
img_11034.jpg,0
img_17134.jpg,0
img_24148.jpg,1
img_40469.jpg,1
img_25612.jpg,1
img_33498.jpg,0
img_8136.jpg,1
img_33450.jpg,0
img_7842.jpg,1
img_41004.jpg,0
img_2229.jpg,0
img_16270.jpg,0
img_17576.jpg,1
img_39378.jpg,1
img_12861.jpg,0
img_28244.jpg,1
img_11642.jpg,1
img_24098.jpg,0
img_37143.jpg,0
img_29819.jpg,1
img_16945.jpg,0
img_3800.jpg,1
img_38588.jpg,0
img_732.jpg,0
img_14122.jpg,1
img_36984.jpg,1
img_15903.jpg,0
img_7871.jpg,0
img_31406.jpg,1
img_16261.jpg,1
img_32082.jpg,0
img_12921.jpg,0
img_14195.jpg,0
img_8700.jpg,0
img_34279.jpg,1
img_15637.jpg,1
img_8686.jpg,0
img_33368.jpg,0
img_8808.jpg,1
img_23640.jpg,1
img_16307.jpg,0
img_25466.jpg,1
img_20428.jpg,1
img_34151.jpg,1
img_14944.jpg,1
img_39635.jpg,1
img_106.jpg,1
img_5062.jpg,0
img_21201.jpg,0
img_39699.jpg,1
img_22124.jpg,1
img_15299.jpg,1
img_28918.jpg,1
img_41335.jpg,1
img_36252.jpg,0
img_40186.jpg,0
img_4475.jpg,0
img_15877.jpg,1
img_7237.jpg,1
img_6533.jpg,0
img_17752.jpg,0
img_29341.jpg,0
img_21711.jpg,0
img_10768.jpg,1
img_4918.jpg,1
img_23263.jpg,1
img_38171.jpg,1
img_23047.jpg,0
img_32989.jpg,0
img_18165.jpg,0
img_2941.jpg,1
img_13960.jpg,1
img_4952.jpg,1
img_1161.jpg,1
img_8759.jpg,0
img_19192.jpg,0
img_11043.jpg,1
img_7501.jpg,0
img_2796.jpg,0
img_39676.jpg,1
img_6963.jpg,1
img_40632.jpg,0
img_17933.jpg,0
img_24103.jpg,0
img_17320.jpg,0
img_3013.jpg,0
img_33035.jpg,0
img_742.jpg,0
img_1684.jpg,0
img_28216.jpg,0
img_32569.jpg,1
img_24993.jpg,0
img_24824.jpg,0
img_1005.jpg,1
img_15042.jpg,1
img_24589.jpg,0
img_40991.jpg,0
img_12365.jpg,0
img_23149.jpg,0
img_16553.jpg,0
img_19609.jpg,0
img_3028.jpg,1
img_33514.jpg,0
img_35782.jpg,0
img_32430.jpg,0
img_28139.jpg,0
img_6801.jpg,1
img_13430.jpg,0
img_26729.jpg,0
img_16014.jpg,0
img_9378.jpg,1
img_15628.jpg,1
img_41707.jpg,0
img_13129.jpg,0
img_4903.jpg,1
img_2993.jpg,1
img_13249.jpg,1
img_27734.jpg,0
img_28654.jpg,0
img_11519.jpg,0
img_8240.jpg,1
img_26500.jpg,1
img_29774.jpg,1
img_2068.jpg,0
img_21087.jpg,0
img_25371.jpg,0
img_1407.jpg,0
img_36710.jpg,0
img_20991.jpg,1
img_37589.jpg,0
img_33388.jpg,0
img_5074.jpg,1
img_31223.jpg,0
img_40927.jpg,0
img_6403.jpg,1
img_16834.jpg,0
img_12330.jpg,0
img_22099.jpg,0
img_32431.jpg,0
img_21965.jpg,1
img_25827.jpg,1
img_12048.jpg,1
img_37018.jpg,1
img_12668.jpg,0
img_20067.jpg,0
img_13635.jpg,0
img_27091.jpg,1
img_6922.jpg,1
img_12737.jpg,0
img_6675.jpg,0
img_18702.jpg,1
img_19123.jpg,0
img_135.jpg,1
img_24876.jpg,0
img_13541.jpg,1
img_16543.jpg,1
img_41260.jpg,0
img_22495.jpg,0
img_16676.jpg,1
img_41614.jpg,0
img_25173.jpg,0
img_15327.jpg,1
img_41682.jpg,0
img_31836.jpg,0
img_19335.jpg,0
img_31256.jpg,0
img_30720.jpg,0
img_20950.jpg,1
img_34738.jpg,1
img_25606.jpg,1
img_37280.jpg,1
img_32483.jpg,1
img_37730.jpg,1
img_29627.jpg,1
img_35110.jpg,0
img_24451.jpg,0
img_37057.jpg,0
img_1167.jpg,0
img_40706.jpg,0
img_14641.jpg,1
img_4186.jpg,1
img_1174.jpg,0
img_24092.jpg,0
img_36082.jpg,0
img_2804.jpg,1
img_37719.jpg,0
img_17031.jpg,1
img_12885.jpg,0
img_9365.jpg,1
img_18914.jpg,0
img_2253.jpg,0
img_6818.jpg,0
img_27625.jpg,1
img_25015.jpg,0
img_27985.jpg,1
img_40554.jpg,1
img_34959.jpg,0
img_17835.jpg,1
img_34154.jpg,0
img_17187.jpg,0
img_798.jpg,1
img_781.jpg,0
img_8777.jpg,1
img_26683.jpg,0
img_11954.jpg,1
img_41402.jpg,0
img_5772.jpg,1
img_1669.jpg,1
img_6337.jpg,0
img_31569.jpg,1
img_9877.jpg,1
img_32611.jpg,0
img_27289.jpg,0
img_40029.jpg,1
img_15616.jpg,1
img_14880.jpg,0
img_23059.jpg,0
img_40832.jpg,0
img_29237.jpg,0
img_37680.jpg,0
img_23724.jpg,0
img_30451.jpg,1
img_34095.jpg,1
img_23218.jpg,0
img_10773.jpg,0
img_705.jpg,1
img_9412.jpg,0
img_23844.jpg,1
img_25546.jpg,1
img_27441.jpg,1
img_3027.jpg,0
img_16069.jpg,0
img_19515.jpg,1
img_29023.jpg,1
img_17357.jpg,1
img_12751.jpg,0
img_7633.jpg,1
img_21571.jpg,0
img_39126.jpg,1
img_37149.jpg,0
img_11418.jpg,1
img_40473.jpg,1
img_27284.jpg,1
img_7014.jpg,0
img_22914.jpg,1
img_18789.jpg,0
img_22350.jpg,0
img_38731.jpg,0
img_8775.jpg,0
img_13549.jpg,1
img_23828.jpg,0
img_40794.jpg,1
img_31444.jpg,1
img_27153.jpg,1
img_21946.jpg,1
img_4432.jpg,0
img_26515.jpg,1
img_25323.jpg,1
img_16951.jpg,0
img_32801.jpg,1
img_32750.jpg,0
img_21289.jpg,1
img_38482.jpg,1
img_4815.jpg,1
img_11634.jpg,0
img_23771.jpg,1
img_31763.jpg,0
img_31445.jpg,0
img_38877.jpg,1
img_38574.jpg,1
img_22423.jpg,0
img_822.jpg,1
img_9857.jpg,1
img_30353.jpg,0
img_11520.jpg,0
img_2131.jpg,0
img_29574.jpg,1
img_16057.jpg,1
img_30397.jpg,1
img_3185.jpg,1
img_1204.jpg,1
img_28886.jpg,1
img_31300.jpg,1
img_41694.jpg,0
img_18832.jpg,0
img_10059.jpg,0
img_9250.jpg,0
img_19109.jpg,0
img_10990.jpg,0
img_13051.jpg,0
img_29763.jpg,0
img_8249.jpg,0
img_30223.jpg,1
img_23802.jpg,0
img_14578.jpg,0
img_37104.jpg,0
img_25486.jpg,1
img_33362.jpg,0
img_21724.jpg,1
img_22538.jpg,1
img_12834.jpg,1
img_30882.jpg,0
img_24750.jpg,0
img_27592.jpg,1
img_17123.jpg,1
img_406.jpg,1
img_10010.jpg,0
img_15849.jpg,0
img_28315.jpg,0
img_8479.jpg,0
img_25251.jpg,0
img_16960.jpg,1
img_5101.jpg,1
img_26201.jpg,0
img_10304.jpg,1
img_14879.jpg,1
img_16524.jpg,1
img_24500.jpg,0
img_5293.jpg,0
img_33334.jpg,0
img_37081.jpg,0
img_21572.jpg,0
img_32013.jpg,0
img_8887.jpg,1
img_39064.jpg,1
img_9095.jpg,0
img_40150.jpg,1
img_10155.jpg,0
img_22240.jpg,0
img_14676.jpg,1
img_12941.jpg,1
img_24512.jpg,1
img_6241.jpg,1
img_34415.jpg,0
img_19967.jpg,1
img_28891.jpg,1
img_34578.jpg,0
img_5159.jpg,1
img_5738.jpg,0
img_30962.jpg,1
img_27234.jpg,0
img_6727.jpg,1
img_21211.jpg,0
img_9167.jpg,0
img_29571.jpg,1
img_2473.jpg,0
img_10017.jpg,0
img_30818.jpg,1
img_25250.jpg,0
img_37605.jpg,1
img_34555.jpg,0
img_7951.jpg,0
img_36161.jpg,0
img_36078.jpg,1
img_13833.jpg,1
img_39783.jpg,1
img_28072.jpg,1
img_4353.jpg,1
img_36007.jpg,1
img_27731.jpg,0
img_9163.jpg,0
img_6046.jpg,0
img_27979.jpg,0
img_10861.jpg,0
img_3005.jpg,1
img_39520.jpg,0
img_9933.jpg,1
img_33783.jpg,1
img_38923.jpg,1
img_27736.jpg,0
img_15799.jpg,1
img_27466.jpg,0
img_3088.jpg,0
img_29844.jpg,1
img_286.jpg,0
img_34373.jpg,1
img_15780.jpg,0
img_39804.jpg,1
img_10082.jpg,0
img_19841.jpg,0
img_11379.jpg,1
img_12427.jpg,0
img_25683.jpg,1
img_9637.jpg,1
img_32055.jpg,1
img_7296.jpg,1
img_37661.jpg,1
img_28528.jpg,1
img_40484.jpg,0
img_1404.jpg,1
img_32209.jpg,1
img_25871.jpg,1
img_18343.jpg,1
img_11363.jpg,1
img_25068.jpg,0
img_3082.jpg,1
img_6051.jpg,0
img_34105.jpg,1
img_33311.jpg,0
img_28347.jpg,1
img_29558.jpg,0
img_29053.jpg,0
img_13840.jpg,1
img_4573.jpg,0
img_27926.jpg,1
img_27666.jpg,0
img_33892.jpg,0
img_10712.jpg,1
img_10284.jpg,0
img_3789.jpg,0
img_38221.jpg,0
img_19765.jpg,1
img_32044.jpg,0
img_11316.jpg,1
img_13631.jpg,0
img_22141.jpg,0
img_11643.jpg,0
img_26016.jpg,0
img_31253.jpg,1
img_21012.jpg,0
img_19166.jpg,0
img_37152.jpg,1
img_14360.jpg,0
img_28607.jpg,0
img_3182.jpg,1
img_10063.jpg,1
img_18493.jpg,1
img_21744.jpg,1
img_848.jpg,1
img_22809.jpg,1
img_3165.jpg,0
img_11405.jpg,0
img_14825.jpg,0
img_23551.jpg,1
img_27641.jpg,1
img_35486.jpg,0
img_4983.jpg,0
img_32894.jpg,1
img_36088.jpg,0
img_3377.jpg,0
img_15587.jpg,0
img_17061.jpg,0
img_18176.jpg,0
img_39208.jpg,1
img_449.jpg,1
img_32439.jpg,1
img_6873.jpg,1
img_11651.jpg,0
img_37688.jpg,1
img_27955.jpg,1
img_20308.jpg,0
img_6266.jpg,1
img_9357.jpg,0
img_6139.jpg,0
img_38806.jpg,0
img_13149.jpg,0
img_7421.jpg,1
img_638.jpg,0
img_5351.jpg,0
img_41490.jpg,1
img_17702.jpg,1
img_8520.jpg,0
img_15856.jpg,1
img_39428.jpg,1
img_28751.jpg,0
img_37371.jpg,0
img_40210.jpg,0
img_38184.jpg,1
img_35496.jpg,0
img_28862.jpg,1
img_20619.jpg,0
img_2134.jpg,0
img_8715.jpg,0
img_14597.jpg,0
img_24570.jpg,1
img_8063.jpg,1
img_22466.jpg,1
img_10968.jpg,1
img_37953.jpg,1
img_30028.jpg,0
img_18312.jpg,0
img_37082.jpg,0
img_9049.jpg,1
img_14755.jpg,0
img_38747.jpg,1
img_39016.jpg,0
img_36338.jpg,1
img_34866.jpg,0
img_8070.jpg,1
img_7807.jpg,1
img_16830.jpg,1
img_33078.jpg,0
img_1335.jpg,1
img_2382.jpg,0
img_8379.jpg,1
img_35622.jpg,1
img_35072.jpg,1
img_32379.jpg,0
img_27250.jpg,0
img_18270.jpg,1
img_2572.jpg,1
img_27538.jpg,0
img_9329.jpg,1
img_33188.jpg,0
img_21934.jpg,0
img_33111.jpg,1
img_11580.jpg,0
img_36898.jpg,0
img_13221.jpg,0
img_20979.jpg,0
img_30270.jpg,1
img_36918.jpg,0
img_2444.jpg,0
img_3237.jpg,0
img_31443.jpg,0
img_39385.jpg,0
img_39414.jpg,0
img_36799.jpg,1
img_10278.jpg,0
img_6140.jpg,0
img_8295.jpg,0
img_16869.jpg,0
img_6504.jpg,1
img_24650.jpg,0
img_31901.jpg,1
img_9337.jpg,1
img_34240.jpg,1
img_26930.jpg,0
img_20446.jpg,1
img_6063.jpg,1
img_13411.jpg,1
img_19057.jpg,1
img_21873.jpg,0
img_21069.jpg,1
img_10938.jpg,1
img_36413.jpg,1
img_12489.jpg,0
img_18906.jpg,0
img_13773.jpg,1
img_10489.jpg,0
img_1550.jpg,0
img_1542.jpg,0
img_18186.jpg,0
img_41083.jpg,1
img_20034.jpg,0
img_3114.jpg,0
img_31933.jpg,1
img_20748.jpg,1
img_39023.jpg,0
img_32921.jpg,1
img_37826.jpg,0
img_4081.jpg,1
img_33228.jpg,0
img_41174.jpg,0
img_34036.jpg,1
img_29129.jpg,1
img_23351.jpg,0
img_15468.jpg,1
img_17166.jpg,1
img_15847.jpg,0
img_39863.jpg,1
img_19936.jpg,1
img_1463.jpg,0
img_5850.jpg,0
img_21774.jpg,1
img_4001.jpg,1
img_38203.jpg,0
img_3166.jpg,1
img_6995.jpg,1
img_5354.jpg,0
img_33625.jpg,1
img_9468.jpg,1
img_16695.jpg,1
img_10961.jpg,0
img_26541.jpg,1
img_8852.jpg,1
img_11852.jpg,1
img_433.jpg,0
img_2385.jpg,0
img_10115.jpg,1
img_20651.jpg,1
img_16656.jpg,0
img_41264.jpg,1
img_23010.jpg,1
img_31884.jpg,1
img_20913.jpg,1
img_8824.jpg,0
img_26433.jpg,1
img_29580.jpg,0
img_36357.jpg,0
img_18847.jpg,1
img_24566.jpg,1
img_12260.jpg,0
img_20383.jpg,1
img_5674.jpg,1
img_37297.jpg,1
img_17076.jpg,0
img_24102.jpg,0
img_39963.jpg,0
img_12147.jpg,1
img_15321.jpg,1
img_22228.jpg,0
img_41258.jpg,0
img_11879.jpg,0
img_7065.jpg,1
img_22662.jpg,1
img_32994.jpg,1
img_25836.jpg,0
img_4917.jpg,0
img_40687.jpg,0
img_17574.jpg,1
img_37800.jpg,0
img_32779.jpg,1
img_10743.jpg,0
img_33579.jpg,0
img_39354.jpg,0
img_13513.jpg,1
img_38113.jpg,0
img_32585.jpg,0
img_15190.jpg,0
img_13329.jpg,0
img_20590.jpg,0
img_5232.jpg,1
img_4245.jpg,0
img_23739.jpg,1
img_41313.jpg,1
img_28365.jpg,0
img_3682.jpg,1
img_13582.jpg,1
img_3751.jpg,0
img_29074.jpg,1
img_30264.jpg,0
img_5329.jpg,0
img_34661.jpg,0
img_8806.jpg,0
img_797.jpg,0
img_6484.jpg,1
img_34872.jpg,0
img_27881.jpg,1
img_23231.jpg,0
img_36724.jpg,1
img_39107.jpg,0
img_2950.jpg,1
img_20500.jpg,1
img_18202.jpg,1
img_20704.jpg,0
img_2461.jpg,1
img_2265.jpg,1
img_40899.jpg,1
img_7278.jpg,1
img_4480.jpg,1
img_6379.jpg,1
img_33068.jpg,0
img_4908.jpg,0
img_8396.jpg,0
img_16858.jpg,0
img_39050.jpg,1
img_9687.jpg,0
img_17203.jpg,0
img_2119.jpg,0
img_6528.jpg,0
img_23398.jpg,0
img_17564.jpg,0
img_7057.jpg,1
img_31583.jpg,1
img_5193.jpg,1
img_39690.jpg,0
img_37976.jpg,0
img_3435.jpg,0
img_39866.jpg,0
img_29490.jpg,0
img_16007.jpg,1
img_13398.jpg,1
img_26178.jpg,1
img_9630.jpg,1
img_38068.jpg,1
img_32201.jpg,0
img_34904.jpg,0
img_32976.jpg,0
img_35384.jpg,0
img_39389.jpg,0
img_13107.jpg,1
img_12496.jpg,1
img_17311.jpg,0
img_4169.jpg,0
img_17262.jpg,0
img_6563.jpg,1
img_26197.jpg,1
img_24149.jpg,0
img_41249.jpg,1
img_5705.jpg,0
img_20180.jpg,0
img_15137.jpg,0
img_38564.jpg,0
img_11601.jpg,1
img_26969.jpg,1
img_20252.jpg,1
img_14261.jpg,0
img_30419.jpg,0
img_18717.jpg,0
img_37894.jpg,0
img_27759.jpg,1
img_28451.jpg,0
img_1455.jpg,0
img_25036.jpg,1
img_4869.jpg,1
img_2348.jpg,1
img_21913.jpg,1
img_946.jpg,0
img_35893.jpg,1
img_40409.jpg,0
img_35829.jpg,1
img_10956.jpg,1
img_19627.jpg,0
img_13770.jpg,1
img_18526.jpg,0
img_10207.jpg,0
img_344.jpg,0
img_16150.jpg,0
img_8857.jpg,0
img_11347.jpg,1
img_37919.jpg,0
img_10326.jpg,1
img_23768.jpg,0
img_38805.jpg,1
img_10894.jpg,1
img_8894.jpg,1
img_15175.jpg,0
img_9599.jpg,0
img_32236.jpg,0
img_40586.jpg,1
img_13749.jpg,0
img_10074.jpg,0
img_28165.jpg,0
img_4965.jpg,0
img_8340.jpg,0
img_2618.jpg,0
img_13058.jpg,0
img_21072.jpg,0
img_5223.jpg,1
img_22797.jpg,1
img_33649.jpg,1
img_18888.jpg,1
img_8489.jpg,1
img_29761.jpg,1
img_25528.jpg,1
img_13488.jpg,1
img_19591.jpg,1
img_10416.jpg,0
img_24415.jpg,0
img_28645.jpg,0
img_2946.jpg,0
img_3708.jpg,0
img_15767.jpg,1
img_25891.jpg,0
img_5507.jpg,0
img_40147.jpg,0
img_5721.jpg,0
img_38167.jpg,0
img_24542.jpg,0
img_20717.jpg,1
img_15533.jpg,0
img_33945.jpg,0
img_2915.jpg,0
img_39542.jpg,0
img_8923.jpg,1
img_24367.jpg,1
img_22480.jpg,1
img_12269.jpg,0
img_36197.jpg,1
img_20247.jpg,0
img_4221.jpg,1
img_21306.jpg,1
img_22774.jpg,0
img_30615.jpg,1
img_6668.jpg,0
img_24380.jpg,0
img_35590.jpg,0
img_17338.jpg,1
img_6767.jpg,0
img_28342.jpg,0
img_13133.jpg,1
img_34910.jpg,1
img_11151.jpg,1
img_38141.jpg,1
img_28533.jpg,0
img_11329.jpg,1
img_6596.jpg,1
img_2150.jpg,1
img_23949.jpg,1
img_12398.jpg,0
img_3977.jpg,1
img_26983.jpg,0
img_33162.jpg,1
img_9282.jpg,0
img_2615.jpg,1
img_11281.jpg,1
img_27212.jpg,1
img_7318.jpg,0
img_28406.jpg,0
img_17612.jpg,1
img_16052.jpg,0
img_31676.jpg,1
img_38339.jpg,0
img_37753.jpg,0
img_31540.jpg,0
img_35043.jpg,0
img_31874.jpg,0
img_8968.jpg,1
img_21269.jpg,1
img_41337.jpg,1
img_23064.jpg,0
img_26940.jpg,1
img_9956.jpg,1
img_33875.jpg,0
img_28343.jpg,0
img_35006.jpg,0
img_38730.jpg,1
img_29097.jpg,1
img_38143.jpg,0
img_6375.jpg,0
img_40454.jpg,0
img_32320.jpg,0
img_37282.jpg,0
img_28477.jpg,1
img_5460.jpg,0
img_28442.jpg,0
img_18214.jpg,0
img_9492.jpg,0
img_1489.jpg,0
img_18910.jpg,0
img_3880.jpg,1
img_36587.jpg,0
img_29830.jpg,0
img_3924.jpg,0
img_15991.jpg,1
img_7679.jpg,1
img_29292.jpg,1
img_37345.jpg,0
img_37592.jpg,1
img_25990.jpg,1
img_18035.jpg,0
img_13884.jpg,1
img_3905.jpg,1
img_10701.jpg,0
img_19068.jpg,0
img_29076.jpg,0
img_40977.jpg,1
img_39123.jpg,0
img_13199.jpg,1
img_3477.jpg,0
img_39651.jpg,0
img_15837.jpg,1
img_26142.jpg,1
img_24006.jpg,1
img_4390.jpg,0
img_10611.jpg,1
img_21050.jpg,0
img_3099.jpg,0
img_8727.jpg,1
img_20128.jpg,0
img_2645.jpg,1
img_33859.jpg,0
img_14311.jpg,1
img_24172.jpg,0
img_5040.jpg,1
img_14937.jpg,0
img_204.jpg,0
img_13767.jpg,0
img_33831.jpg,1
img_34410.jpg,0
img_8511.jpg,1
img_114.jpg,0
img_19847.jpg,1
img_39254.jpg,0
img_10903.jpg,1
img_21397.jpg,1
img_41299.jpg,1
img_2045.jpg,0
img_29597.jpg,1
img_10474.jpg,1
img_31876.jpg,1
img_38603.jpg,0
img_37393.jpg,0
img_38170.jpg,0
img_12204.jpg,1
img_35586.jpg,0
img_25416.jpg,1
img_41094.jpg,1
img_22018.jpg,1
img_22089.jpg,1
img_15520.jpg,1
img_12609.jpg,1
img_17722.jpg,0
img_25091.jpg,0
img_9042.jpg,0
img_5655.jpg,1
img_10915.jpg,1
img_35800.jpg,0
img_2006.jpg,0
img_15101.jpg,1
img_21456.jpg,1
img_27751.jpg,0
img_22414.jpg,0
img_2275.jpg,1
img_25275.jpg,1
img_32518.jpg,1
img_18199.jpg,1
img_7716.jpg,1
img_3930.jpg,1
img_24771.jpg,1
img_23825.jpg,0
img_3296.jpg,0
img_35943.jpg,1
img_6729.jpg,0
img_28530.jpg,0
img_196.jpg,0
img_21560.jpg,1
img_2601.jpg,0
img_13900.jpg,1
img_18882.jpg,1
img_12939.jpg,1
img_32722.jpg,0
img_440.jpg,1
img_19580.jpg,0
img_21367.jpg,1
img_37824.jpg,0
img_37606.jpg,0
img_26982.jpg,1
img_40595.jpg,1
img_15227.jpg,1
img_5179.jpg,0
img_7075.jpg,1
img_27555.jpg,0
img_25769.jpg,1
img_8562.jpg,0
img_37038.jpg,0
img_28414.jpg,1
img_29936.jpg,1
img_26113.jpg,1
img_5788.jpg,0
img_30479.jpg,1
img_14675.jpg,1
img_41715.jpg,1
img_24203.jpg,0
img_33643.jpg,1
img_5235.jpg,1
img_13508.jpg,1
img_14573.jpg,0
img_9543.jpg,1
img_19281.jpg,0
img_41507.jpg,1
img_39292.jpg,1
img_36953.jpg,0
img_12656.jpg,1
img_36844.jpg,1
img_32857.jpg,0
img_25929.jpg,0
img_19488.jpg,0
img_29477.jpg,1
img_40329.jpg,1
img_2211.jpg,1
img_25287.jpg,1
img_3356.jpg,1
img_3229.jpg,1
img_31215.jpg,0
img_10661.jpg,1
img_40303.jpg,1
img_10261.jpg,1
img_7056.jpg,0
img_32835.jpg,1
img_4993.jpg,0
img_292.jpg,0
img_1606.jpg,1
img_34543.jpg,0
img_24667.jpg,0
img_17243.jpg,1
img_15588.jpg,0
img_27021.jpg,1
img_30035.jpg,0
img_30710.jpg,1
img_35775.jpg,1
img_35243.jpg,1
img_28156.jpg,0
img_11964.jpg,0
img_29461.jpg,0
img_15003.jpg,1
img_21868.jpg,1
img_30137.jpg,0
img_25942.jpg,0
img_1532.jpg,1
img_33841.jpg,1
img_18635.jpg,0
img_7980.jpg,0
img_19712.jpg,0
img_10203.jpg,0
img_15365.jpg,0
img_29184.jpg,0
img_26026.jpg,0
img_18077.jpg,0
img_30279.jpg,1
img_26581.jpg,0
img_9858.jpg,1
img_16602.jpg,1
img_38270.jpg,0
img_26359.jpg,1
img_9704.jpg,1
img_41239.jpg,0
img_21093.jpg,0
img_7760.jpg,1
img_33702.jpg,1
img_3966.jpg,1
img_10672.jpg,0
img_9570.jpg,0
img_7295.jpg,1
img_23171.jpg,1
img_8226.jpg,0
img_4761.jpg,0
img_22568.jpg,1
img_7102.jpg,1
img_4170.jpg,1
img_25968.jpg,0
img_39135.jpg,0
img_21468.jpg,1
img_34659.jpg,1
img_19595.jpg,1
img_17291.jpg,1
img_1731.jpg,1
img_38801.jpg,1
img_32742.jpg,0
img_12138.jpg,1
img_2620.jpg,1
img_6198.jpg,1
img_3055.jpg,1
img_40783.jpg,0
img_35161.jpg,0
img_5527.jpg,0
img_31442.jpg,0
img_27945.jpg,0
img_14490.jpg,1
img_16531.jpg,0
img_35795.jpg,0
img_19061.jpg,0
img_14472.jpg,0
img_38888.jpg,1
img_19303.jpg,0
img_9212.jpg,1
img_33596.jpg,0
img_12019.jpg,1
img_34856.jpg,1
img_20529.jpg,1
img_22717.jpg,0
img_37237.jpg,1
img_27639.jpg,1
img_34690.jpg,1
img_30455.jpg,0
img_12933.jpg,0
img_24621.jpg,0
img_11023.jpg,0
img_22239.jpg,1
img_18044.jpg,0
img_7602.jpg,0
img_454.jpg,1
img_35596.jpg,0
img_25274.jpg,0
img_1283.jpg,1
img_28834.jpg,1
img_24013.jpg,1
img_11554.jpg,0
img_39457.jpg,1
img_32529.jpg,0
img_18868.jpg,1
img_20661.jpg,0
img_23353.jpg,1
img_20409.jpg,0
img_39719.jpg,0
img_26298.jpg,0
img_3657.jpg,1
img_6310.jpg,0
img_7238.jpg,0
img_12635.jpg,0
img_29005.jpg,0
img_33860.jpg,0
img_22243.jpg,0
img_34094.jpg,0
img_19850.jpg,1
img_28190.jpg,1
img_37024.jpg,0
img_23105.jpg,1
img_41886.jpg,0
img_276.jpg,0
img_34735.jpg,0
img_15524.jpg,0
img_30240.jpg,1
img_2566.jpg,0
img_28991.jpg,0
img_6968.jpg,1
img_29339.jpg,0
img_38129.jpg,0
img_37328.jpg,1
img_14614.jpg,1
img_7078.jpg,1
img_37843.jpg,1
img_23570.jpg,0
img_5012.jpg,1
img_32266.jpg,1
img_33424.jpg,0
img_19923.jpg,0
img_19342.jpg,0
img_35011.jpg,1
img_7359.jpg,1
img_22411.jpg,0
img_39602.jpg,0
img_26378.jpg,1
img_4626.jpg,1
img_22079.jpg,1
img_24320.jpg,1
img_12208.jpg,0
img_18435.jpg,0
img_30532.jpg,0
img_36634.jpg,0
img_27508.jpg,0
img_3285.jpg,1
img_28283.jpg,1
img_22036.jpg,0
img_30074.jpg,0
img_6324.jpg,1
img_33815.jpg,0
img_28841.jpg,1
img_9780.jpg,0
img_15795.jpg,0
img_41460.jpg,1
img_39146.jpg,0
img_32950.jpg,0
img_17776.jpg,1
img_14892.jpg,0
img_40725.jpg,0
img_21599.jpg,0
img_6122.jpg,1
img_40854.jpg,0
img_38704.jpg,1
img_8066.jpg,0
img_8089.jpg,0
img_40277.jpg,1
img_39898.jpg,0
img_21507.jpg,1
img_16375.jpg,0
img_8034.jpg,0
img_24908.jpg,0
img_20241.jpg,1
img_4203.jpg,1
img_1926.jpg,1
img_40156.jpg,0
img_674.jpg,1
img_17220.jpg,1
img_16198.jpg,0
img_67.jpg,1
img_3929.jpg,1
img_8803.jpg,1
img_9586.jpg,0
img_5974.jpg,0
img_41001.jpg,1
img_27138.jpg,0
img_3970.jpg,0
img_3268.jpg,0
img_30958.jpg,0
img_4791.jpg,1
img_36770.jpg,0
img_39495.jpg,1
img_33340.jpg,0
img_4404.jpg,1
img_14751.jpg,0
img_41508.jpg,0
img_38284.jpg,0
img_30343.jpg,1
img_35915.jpg,1
img_14591.jpg,1
img_31010.jpg,1
img_40282.jpg,1
img_1222.jpg,0
img_6039.jpg,0
img_2698.jpg,0
img_38854.jpg,1
img_7511.jpg,1
img_9178.jpg,0
img_30044.jpg,1
img_19787.jpg,0
img_14534.jpg,1
img_39771.jpg,0
img_809.jpg,0
img_2668.jpg,1
img_40032.jpg,1
img_603.jpg,0
img_30803.jpg,1
img_38450.jpg,0
img_4963.jpg,0
img_38953.jpg,0
img_16608.jpg,1
img_23865.jpg,1
img_8563.jpg,1
img_21184.jpg,0
img_29044.jpg,0
img_40926.jpg,0
img_15019.jpg,1
img_18410.jpg,0
img_19740.jpg,1
img_34119.jpg,1
img_1667.jpg,0
img_35871.jpg,1
img_7670.jpg,1
img_36416.jpg,1
img_11449.jpg,0
img_41810.jpg,1
img_22137.jpg,0
img_23826.jpg,0
img_176.jpg,1
img_6092.jpg,0
img_20800.jpg,1
img_18403.jpg,0
img_1321.jpg,1
img_35655.jpg,0
img_2854.jpg,0
img_9272.jpg,1
img_3195.jpg,0
img_29941.jpg,1
img_28978.jpg,0
img_3297.jpg,1
img_35956.jpg,0
img_5422.jpg,0
img_1134.jpg,1
img_11950.jpg,0
img_3985.jpg,1
img_2167.jpg,1
img_10950.jpg,1
img_23653.jpg,0
img_16397.jpg,0
img_15173.jpg,1
img_9176.jpg,0
img_25870.jpg,0
img_22293.jpg,0
img_23180.jpg,1
img_16575.jpg,1
img_20025.jpg,0
img_25849.jpg,0
img_36790.jpg,0
img_20720.jpg,0
img_24674.jpg,1
img_21486.jpg,1
img_28626.jpg,0
img_16392.jpg,0
img_41430.jpg,1
img_37818.jpg,0
img_35444.jpg,1
img_7720.jpg,1
img_4828.jpg,1
img_27604.jpg,0
img_39768.jpg,1
img_18247.jpg,1
img_13219.jpg,1
img_31798.jpg,0
img_40140.jpg,0
img_10691.jpg,1
img_25657.jpg,0
img_41301.jpg,1
img_36514.jpg,0
img_1978.jpg,1
img_23383.jpg,0
img_4431.jpg,1
img_24370.jpg,0
img_14784.jpg,0
img_13480.jpg,1
img_41261.jpg,1
img_25257.jpg,1
img_1516.jpg,0
img_40330.jpg,0
img_40206.jpg,1
img_12441.jpg,1
img_23248.jpg,1
img_29518.jpg,0
img_9088.jpg,1
img_8608.jpg,0
img_15063.jpg,0
img_26146.jpg,0
img_3770.jpg,1
img_10124.jpg,0
img_6794.jpg,1
img_12479.jpg,0
img_31464.jpg,1
img_38917.jpg,0
img_404.jpg,0
img_41903.jpg,1
img_23092.jpg,1
img_23030.jpg,1
img_18998.jpg,1
img_33216.jpg,0
img_12696.jpg,0
img_17915.jpg,1
img_22778.jpg,1
img_32104.jpg,1
img_39207.jpg,0
img_32057.jpg,1
img_31577.jpg,0
img_214.jpg,1
img_29607.jpg,0
img_4494.jpg,0
img_7586.jpg,0
img_39082.jpg,0
img_19261.jpg,0
img_22731.jpg,1
img_36355.jpg,1
img_34417.jpg,0
img_17352.jpg,0
img_9359.jpg,0
img_11299.jpg,0
img_38825.jpg,0
img_14475.jpg,0
img_37377.jpg,1
img_16591.jpg,1
img_3667.jpg,1
img_40901.jpg,0
img_29385.jpg,1
img_39649.jpg,1
img_27278.jpg,1
img_3194.jpg,0
img_19301.jpg,1
img_25973.jpg,1
img_18964.jpg,1
img_8614.jpg,1
img_14498.jpg,1
img_36723.jpg,1
img_34728.jpg,0
img_23988.jpg,1
img_37686.jpg,1
img_3670.jpg,0
img_5130.jpg,1
img_39301.jpg,0
img_4400.jpg,0
img_13771.jpg,1
img_26727.jpg,1
img_27509.jpg,1
img_1770.jpg,0
img_18785.jpg,1
img_2319.jpg,1
img_39652.jpg,0
img_26902.jpg,0
img_30895.jpg,0
img_4302.jpg,0
img_40179.jpg,0
img_39266.jpg,1
img_7226.jpg,1
img_40448.jpg,1
img_3728.jpg,0
img_8175.jpg,0
img_31441.jpg,0
img_24686.jpg,1
img_27442.jpg,0
img_33196.jpg,0
img_34451.jpg,0
img_14648.jpg,1
img_32637.jpg,0
img_25655.jpg,1
img_39673.jpg,1
img_12671.jpg,1
img_33224.jpg,1
img_5732.jpg,0
img_24730.jpg,0
img_6110.jpg,0
img_34052.jpg,0
img_10920.jpg,1
img_37858.jpg,0
img_35105.jpg,0
img_552.jpg,0
img_10257.jpg,0
img_34515.jpg,1
img_24041.jpg,1
img_4949.jpg,1
img_728.jpg,0
img_19190.jpg,1
img_2217.jpg,0
img_5725.jpg,1
img_8210.jpg,0
img_25853.jpg,1
img_30063.jpg,1
img_29573.jpg,1
img_32150.jpg,0
img_19892.jpg,1
img_23864.jpg,0
img_14765.jpg,1
img_33747.jpg,0
img_8789.jpg,1
img_13023.jpg,1
img_27670.jpg,1
img_25706.jpg,0
img_19151.jpg,0
img_7694.jpg,0
img_9064.jpg,1
img_9696.jpg,1
img_2454.jpg,0
img_36276.jpg,1
img_25326.jpg,0
img_11565.jpg,1
img_7837.jpg,1
img_28887.jpg,0
img_18311.jpg,0
img_29024.jpg,0
img_25179.jpg,0
img_39546.jpg,0
img_27076.jpg,1
img_24333.jpg,0
img_19021.jpg,0
img_3481.jpg,1
img_13880.jpg,1
img_4888.jpg,0
img_11441.jpg,0
img_16716.jpg,1
img_16250.jpg,0
img_41888.jpg,1
img_33527.jpg,1
img_6048.jpg,0
img_31030.jpg,1
img_20603.jpg,1
img_18221.jpg,1
img_18930.jpg,1
img_22917.jpg,1
img_35965.jpg,0
img_30081.jpg,0
img_33672.jpg,0
img_24522.jpg,0
img_5077.jpg,0
img_16422.jpg,0
img_1055.jpg,1
img_39403.jpg,0
img_18820.jpg,1
img_17109.jpg,1
img_1650.jpg,0
img_7499.jpg,0
img_7457.jpg,0
img_12649.jpg,1
img_39037.jpg,1
img_18747.jpg,1
img_3843.jpg,1
img_35034.jpg,0
img_4430.jpg,1
img_9172.jpg,0
img_19629.jpg,0
img_39855.jpg,1
img_39497.jpg,1
img_33919.jpg,0
img_36516.jpg,0
img_20850.jpg,0
img_39349.jpg,1
img_35976.jpg,0
img_31281.jpg,1
img_20075.jpg,0
img_4783.jpg,0
img_30182.jpg,1
img_7731.jpg,1
img_29352.jpg,0
img_1212.jpg,0
img_28652.jpg,0
img_7152.jpg,1
img_29690.jpg,1
img_31426.jpg,0
img_1025.jpg,1
img_27419.jpg,1
img_39961.jpg,1
img_37760.jpg,1
img_32549.jpg,0
img_4508.jpg,0
img_39631.jpg,0
img_1617.jpg,0
img_15424.jpg,1
img_33105.jpg,0
img_5640.jpg,0
img_41909.jpg,1
img_25296.jpg,1
img_37065.jpg,1
img_35849.jpg,0
img_37556.jpg,1
img_34763.jpg,1
img_37485.jpg,1
img_40044.jpg,0
img_18730.jpg,0
img_3345.jpg,1
img_12639.jpg,0
img_14668.jpg,0
img_37106.jpg,0
img_8093.jpg,0
img_37093.jpg,0
img_38600.jpg,0
img_41683.jpg,0
img_8312.jpg,1
img_34920.jpg,1
img_38016.jpg,1
img_27924.jpg,0
img_35549.jpg,1
img_14322.jpg,1
img_4182.jpg,0
img_26886.jpg,0
img_25132.jpg,0
img_14133.jpg,1
img_8531.jpg,1
img_30244.jpg,0
img_13029.jpg,1
img_2427.jpg,0
img_12212.jpg,0
img_877.jpg,1
img_32334.jpg,1
img_32980.jpg,0
img_17427.jpg,0
img_17438.jpg,1
img_5323.jpg,1
img_25574.jpg,1
img_988.jpg,1
img_39597.jpg,1
img_38423.jpg,0
img_24807.jpg,0
img_24229.jpg,0
img_34322.jpg,1
img_23966.jpg,1
img_34753.jpg,0
img_34646.jpg,0
img_34629.jpg,0
img_10838.jpg,0
img_19211.jpg,1
img_18440.jpg,0
img_27017.jpg,0
img_22617.jpg,1
img_16259.jpg,1
img_8478.jpg,0
img_20207.jpg,0
img_29340.jpg,1
img_25793.jpg,1
img_22680.jpg,1
img_22206.jpg,1
img_27730.jpg,0
img_33305.jpg,1
img_6460.jpg,1
img_31930.jpg,0
img_6762.jpg,1
img_27381.jpg,0
img_3709.jpg,1
img_36825.jpg,1
img_28149.jpg,1
img_24878.jpg,1
img_1015.jpg,1
img_30544.jpg,0
img_38514.jpg,0
img_29707.jpg,0
img_32744.jpg,1
img_34769.jpg,1
img_24974.jpg,1
img_11890.jpg,0
img_35940.jpg,0
img_7574.jpg,0
img_5210.jpg,1
img_11547.jpg,0
img_34969.jpg,1
img_12278.jpg,1
img_31825.jpg,1
img_28868.jpg,1
img_10241.jpg,1
img_3023.jpg,0
img_14853.jpg,0
img_23749.jpg,0
img_22049.jpg,1
img_37138.jpg,1
img_25792.jpg,0
img_27137.jpg,0
img_21054.jpg,0
img_36679.jpg,0
img_28434.jpg,1
img_7434.jpg,0
img_29544.jpg,0
img_24936.jpg,0
img_13382.jpg,1
img_39799.jpg,1
img_24039.jpg,1
img_36310.jpg,0
img_26538.jpg,0
img_13197.jpg,1
img_27551.jpg,1
img_31784.jpg,0
img_4493.jpg,0
img_1628.jpg,1
img_10873.jpg,0
img_5533.jpg,0
img_220.jpg,1
img_629.jpg,1
img_38303.jpg,1
img_16155.jpg,1
img_25550.jpg,1
img_31238.jpg,1
img_30675.jpg,1
img_17948.jpg,0
img_7285.jpg,1
img_14228.jpg,0
img_30150.jpg,0
img_11633.jpg,0
img_28305.jpg,0
img_40629.jpg,1
img_37451.jpg,1
img_19297.jpg,0
img_25580.jpg,1
img_26908.jpg,1
img_27535.jpg,1
img_35372.jpg,0
img_26724.jpg,0
img_24734.jpg,0
img_21761.jpg,1
img_6172.jpg,1
img_32571.jpg,0
img_17674.jpg,0
img_25107.jpg,1
img_38265.jpg,0
img_6329.jpg,1
img_5605.jpg,0
img_14103.jpg,0
img_18929.jpg,0
img_1061.jpg,1
img_3502.jpg,0
img_34573.jpg,0
img_27556.jpg,1
img_30096.jpg,1
img_38829.jpg,1
img_26268.jpg,1
img_27942.jpg,1
img_27817.jpg,1
img_30763.jpg,0
img_26874.jpg,0
img_39259.jpg,1
img_2771.jpg,0
img_38176.jpg,0
img_26535.jpg,0
img_40900.jpg,0
img_28584.jpg,1
img_27839.jpg,1
img_17604.jpg,0
img_32751.jpg,0
img_40633.jpg,0
img_20133.jpg,1
img_37310.jpg,0
img_34585.jpg,0
img_611.jpg,1
img_18487.jpg,0
img_30236.jpg,1
img_31111.jpg,1
img_40313.jpg,1
img_35194.jpg,1
img_835.jpg,0
img_1771.jpg,1
img_40450.jpg,1
img_14425.jpg,0
img_31201.jpg,1
img_36147.jpg,1
img_23608.jpg,1
img_15826.jpg,0
img_13690.jpg,0
img_23891.jpg,0
img_22112.jpg,1
img_23504.jpg,0
img_23409.jpg,1
img_7950.jpg,1
img_19927.jpg,1
img_32984.jpg,0
img_8456.jpg,0
img_10606.jpg,1
img_30030.jpg,0
img_13857.jpg,1
img_3143.jpg,0
img_6438.jpg,0
img_40729.jpg,0
img_36481.jpg,1
img_29938.jpg,0
img_30742.jpg,1
img_34927.jpg,0
img_322.jpg,0
img_2075.jpg,1
img_41556.jpg,0
img_13984.jpg,0
img_27780.jpg,0
img_26560.jpg,0
img_10228.jpg,1
img_20070.jpg,0
img_21623.jpg,1
img_14418.jpg,0
img_36743.jpg,1
img_39722.jpg,1
img_21566.jpg,1
img_34561.jpg,1
img_3777.jpg,0
img_34464.jpg,0
img_18546.jpg,0
img_7617.jpg,1
img_25398.jpg,1
img_17916.jpg,1
img_35103.jpg,0
img_41579.jpg,0
img_3823.jpg,1
img_16990.jpg,0
img_5109.jpg,1
img_28702.jpg,0
img_28691.jpg,0
img_40222.jpg,1
img_1988.jpg,0
img_675.jpg,0
img_4585.jpg,1
img_1490.jpg,0
img_39360.jpg,1
img_69.jpg,0
img_8850.jpg,0
img_10109.jpg,1
img_25984.jpg,0
img_26135.jpg,0
img_28670.jpg,0
img_4686.jpg,1
img_23834.jpg,1
img_32461.jpg,1
img_9454.jpg,0
img_24369.jpg,1
img_20662.jpg,1
img_28791.jpg,0
img_3699.jpg,0
img_23926.jpg,0
img_13577.jpg,1
img_19822.jpg,1
img_18369.jpg,0
img_19072.jpg,0
img_29417.jpg,1
img_18571.jpg,1
img_6261.jpg,1
img_39071.jpg,0
img_21259.jpg,1
img_11188.jpg,1
img_24388.jpg,1
img_21282.jpg,0
img_11920.jpg,0
img_8790.jpg,1
img_40947.jpg,0
img_14768.jpg,1
img_3532.jpg,1
img_13298.jpg,1
img_22299.jpg,0
img_38240.jpg,1
img_26240.jpg,0
img_20310.jpg,1
img_327.jpg,0
img_37669.jpg,1
img_13061.jpg,1
img_29674.jpg,1
img_1632.jpg,1
img_20214.jpg,1
img_40424.jpg,1
img_11992.jpg,1
img_12354.jpg,0
img_34890.jpg,1
img_33689.jpg,0
img_4720.jpg,1
img_27563.jpg,0
img_33988.jpg,1
img_18473.jpg,0
img_28823.jpg,1
img_28642.jpg,0
img_41129.jpg,0
img_19571.jpg,0
img_7449.jpg,0
img_15309.jpg,0
img_14806.jpg,1
img_22923.jpg,1
img_7167.jpg,0
img_28088.jpg,1
img_33137.jpg,0
img_31721.jpg,1
img_36036.jpg,1
img_13260.jpg,0
img_23830.jpg,1
img_14324.jpg,0
img_18089.jpg,1
img_15632.jpg,1
img_38049.jpg,1
img_29735.jpg,0
img_29220.jpg,0
img_31273.jpg,0
img_3948.jpg,0
img_28709.jpg,0
img_13485.jpg,1
img_27311.jpg,1
img_17334.jpg,0
img_54.jpg,0
img_4459.jpg,0
img_19511.jpg,0
img_33114.jpg,1
img_14415.jpg,1
img_22889.jpg,1
img_13864.jpg,1
img_41009.jpg,0
img_6989.jpg,0
img_9978.jpg,0
img_13186.jpg,0
img_22002.jpg,0
img_16361.jpg,0
img_33930.jpg,1
img_16571.jpg,1
img_15405.jpg,0
img_41015.jpg,1
img_9564.jpg,0
img_38695.jpg,1
img_17650.jpg,1
img_15002.jpg,0
img_41522.jpg,0
img_33622.jpg,1
img_1531.jpg,0
img_27349.jpg,0
img_26977.jpg,1
img_10828.jpg,1
img_13417.jpg,1
img_2457.jpg,1
img_7262.jpg,0
img_2629.jpg,0
img_23155.jpg,0
img_28792.jpg,1
img_13147.jpg,1
img_41182.jpg,1
img_18112.jpg,0
img_5291.jpg,0
img_3053.jpg,0
img_33163.jpg,1
img_31835.jpg,0
img_27729.jpg,0
img_28517.jpg,0
img_3793.jpg,1
img_3673.jpg,0
img_9625.jpg,0
img_2056.jpg,0
img_20859.jpg,0
img_20722.jpg,1
img_29883.jpg,0
img_23596.jpg,0
img_29839.jpg,1
img_21574.jpg,1
img_27276.jpg,1
img_2788.jpg,0
img_29876.jpg,0
img_2708.jpg,1
img_39311.jpg,0
img_7907.jpg,1
img_5051.jpg,1
img_2022.jpg,1
img_17565.jpg,0
img_4957.jpg,0
img_15784.jpg,0
img_12290.jpg,0
img_24399.jpg,0
img_31989.jpg,1
img_11914.jpg,1
img_38279.jpg,0
img_41256.jpg,0
img_3647.jpg,1
img_31593.jpg,0
img_24919.jpg,1
img_19637.jpg,1
img_38890.jpg,0
img_31609.jpg,1
img_35071.jpg,1
img_2242.jpg,1
img_9313.jpg,0
img_6060.jpg,0
img_21231.jpg,0
img_35580.jpg,0
img_39528.jpg,0
img_29734.jpg,1
img_35166.jpg,1
img_22698.jpg,0
img_932.jpg,1
img_15124.jpg,0
img_19432.jpg,1
img_4551.jpg,0
img_11269.jpg,0
img_2733.jpg,0
img_3851.jpg,1
img_13328.jpg,0
img_9565.jpg,1
img_15111.jpg,1
img_10954.jpg,0
img_8395.jpg,1
img_26834.jpg,1
img_6645.jpg,1
img_17121.jpg,0
img_31980.jpg,1
img_25775.jpg,1
img_29312.jpg,1
img_11054.jpg,1
img_40374.jpg,1
img_40933.jpg,0
img_31484.jpg,0
img_33534.jpg,1
img_17173.jpg,0
img_13736.jpg,1
img_5084.jpg,1
img_5885.jpg,0
img_4190.jpg,1
img_9590.jpg,1
img_19925.jpg,1
img_36386.jpg,1
img_12598.jpg,1
img_40187.jpg,0
img_34663.jpg,0
img_38239.jpg,0
img_1786.jpg,1
img_21029.jpg,0
img_35732.jpg,1
img_29050.jpg,0
img_19088.jpg,1
img_33294.jpg,1
img_33270.jpg,0
img_13028.jpg,0
img_21555.jpg,1
img_512.jpg,1
img_20793.jpg,1
img_10435.jpg,1
img_27421.jpg,1
img_16624.jpg,1
img_21113.jpg,1
img_23151.jpg,1
img_15239.jpg,0
img_1688.jpg,1
img_16698.jpg,1
img_33577.jpg,1
img_25072.jpg,0
img_32931.jpg,0
img_31006.jpg,1
img_9650.jpg,0
img_38131.jpg,1
img_8643.jpg,0
img_12596.jpg,0
img_12813.jpg,1
img_37439.jpg,0
img_1815.jpg,0
img_3224.jpg,0
img_1565.jpg,1
img_38382.jpg,1
img_18127.jpg,1
img_6524.jpg,1
img_37645.jpg,1
img_21821.jpg,0
img_993.jpg,0
img_16230.jpg,0
img_17359.jpg,1
img_1016.jpg,1
img_13531.jpg,1
img_32002.jpg,0
img_6415.jpg,0
img_2654.jpg,0
img_9175.jpg,0
img_24174.jpg,0
img_34424.jpg,1
img_858.jpg,1
img_20099.jpg,0
img_14099.jpg,1
img_14545.jpg,1
img_10708.jpg,0
img_894.jpg,1
img_9530.jpg,1
img_32793.jpg,1
img_9478.jpg,0
img_14945.jpg,1
img_4344.jpg,1
img_36933.jpg,0
img_32322.jpg,1
img_22994.jpg,1
img_10752.jpg,0
img_14753.jpg,0
img_23251.jpg,0
img_21905.jpg,0
img_9617.jpg,1
img_5760.jpg,0
img_37841.jpg,0
img_886.jpg,0
img_6902.jpg,0
img_16803.jpg,1
img_19611.jpg,0
img_23892.jpg,0
img_32941.jpg,0
img_33493.jpg,0
img_11810.jpg,0
img_9517.jpg,0
img_41725.jpg,0
img_10043.jpg,0
img_28323.jpg,0
img_37060.jpg,0
img_40842.jpg,1
img_5018.jpg,0
img_4932.jpg,1
img_10616.jpg,0
img_4078.jpg,0
img_17998.jpg,1
img_2077.jpg,0
img_40675.jpg,1
img_35574.jpg,0
img_34075.jpg,0
img_20872.jpg,1
img_11209.jpg,0
img_845.jpg,1
img_8606.jpg,1
img_24995.jpg,1
img_20655.jpg,1
img_8782.jpg,0
img_30262.jpg,0
img_22083.jpg,1
img_4183.jpg,1
img_20587.jpg,1
img_671.jpg,0
img_26209.jpg,1
img_20153.jpg,0
img_2199.jpg,1
img_23845.jpg,1
img_33537.jpg,1
img_37575.jpg,0
img_39734.jpg,1
img_28553.jpg,0
img_17571.jpg,0
img_32102.jpg,0
img_16975.jpg,0
img_21419.jpg,1
img_919.jpg,0
img_38515.jpg,0
img_3521.jpg,1
img_23266.jpg,1
img_24733.jpg,0
img_31560.jpg,0
img_40937.jpg,0
img_16786.jpg,0
img_12135.jpg,0
img_38971.jpg,0
img_31076.jpg,1
img_15957.jpg,0
img_26857.jpg,1
img_39591.jpg,0
img_25073.jpg,1
img_31251.jpg,0
img_5132.jpg,0
img_26846.jpg,1
img_41559.jpg,0
img_36705.jpg,0
img_9057.jpg,1
img_33640.jpg,0
img_5518.jpg,1
img_12335.jpg,1
img_22366.jpg,1
img_39573.jpg,1
img_30500.jpg,1
img_377.jpg,1
img_2855.jpg,1
img_24463.jpg,1
img_23920.jpg,0
img_21118.jpg,1
img_37975.jpg,1
img_26863.jpg,0
img_4070.jpg,1
img_40524.jpg,1
img_37484.jpg,1
img_17924.jpg,0
img_20731.jpg,0
img_20738.jpg,0
img_23443.jpg,0
img_26001.jpg,0
img_24491.jpg,0
img_13224.jpg,0
img_7033.jpg,1
img_9035.jpg,0
img_1569.jpg,0
img_24855.jpg,0
img_22338.jpg,1
img_15295.jpg,1
img_23479.jpg,1
img_8817.jpg,1
img_28970.jpg,0
img_10449.jpg,1
img_6840.jpg,1
img_23998.jpg,0
img_22426.jpg,1
img_26395.jpg,0
img_7036.jpg,1
img_33152.jpg,1
img_13055.jpg,0
img_12252.jpg,1
img_13659.jpg,1
img_38453.jpg,0
img_22558.jpg,1
img_14123.jpg,0
img_12434.jpg,1
img_38301.jpg,0
img_12277.jpg,1
img_23235.jpg,0
img_34247.jpg,1
img_28877.jpg,0
img_3942.jpg,0
img_15681.jpg,1
img_8297.jpg,1
img_17975.jpg,1
img_37396.jpg,0
img_28894.jpg,0
img_14639.jpg,0
img_18598.jpg,1
img_24070.jpg,0
img_14535.jpg,0
img_39914.jpg,0
img_4266.jpg,0
img_14711.jpg,0
img_39210.jpg,1
img_28977.jpg,0
img_18664.jpg,1
img_31020.jpg,1
img_10813.jpg,1
img_2952.jpg,1
img_35862.jpg,1
img_8159.jpg,1
img_15844.jpg,1
img_7249.jpg,0
img_26880.jpg,1
img_27738.jpg,1
img_23629.jpg,1
img_37621.jpg,1
img_28759.jpg,1
img_6086.jpg,0
img_28366.jpg,1
img_7945.jpg,0
img_8507.jpg,1
img_131.jpg,1
img_1403.jpg,0
img_20743.jpg,1
img_11548.jpg,0
img_10123.jpg,0
img_10997.jpg,0
img_37692.jpg,0
img_21615.jpg,1
img_26249.jpg,0
img_6047.jpg,0
img_27321.jpg,1
img_36650.jpg,0
img_17808.jpg,1
img_12245.jpg,1
img_27950.jpg,1
img_24164.jpg,1
img_6286.jpg,1
img_30100.jpg,1
img_1350.jpg,1
img_39051.jpg,0
img_15398.jpg,0
img_40142.jpg,0
img_18138.jpg,0
img_4131.jpg,0
img_502.jpg,0
img_11186.jpg,1
img_18433.jpg,1
img_26234.jpg,0
img_8813.jpg,1
img_5299.jpg,0
img_26528.jpg,0
img_39813.jpg,0
img_1842.jpg,0
img_14655.jpg,1
img_15484.jpg,1
img_19271.jpg,0
img_7443.jpg,0
img_10884.jpg,0
img_3144.jpg,1
img_2064.jpg,1
img_11279.jpg,1
img_12125.jpg,1
img_13991.jpg,1
img_8522.jpg,1
img_27553.jpg,0
img_22575.jpg,1
img_3927.jpg,0
img_16555.jpg,1
img_29668.jpg,1
img_31078.jpg,1
img_28162.jpg,0
img_14743.jpg,1
img_20014.jpg,0
img_40902.jpg,0
img_36077.jpg,0
img_22046.jpg,0
img_10808.jpg,0
img_10173.jpg,1
img_24633.jpg,0
img_3231.jpg,1
img_14978.jpg,1
img_878.jpg,1
img_19949.jpg,1
img_22383.jpg,0
img_1253.jpg,0
img_10526.jpg,1
img_32135.jpg,0
img_542.jpg,0
img_21654.jpg,0
img_23643.jpg,1
img_33516.jpg,0
img_32464.jpg,1
img_28873.jpg,0
img_1172.jpg,1
img_35308.jpg,1
img_20143.jpg,1
img_12848.jpg,1
img_32026.jpg,1
img_14338.jpg,0
img_16276.jpg,1
img_2842.jpg,0
img_28860.jpg,1
img_13065.jpg,1
img_19433.jpg,1
img_14124.jpg,1
img_41773.jpg,0
img_27121.jpg,1
img_18928.jpg,0
img_12948.jpg,0
img_4588.jpg,1
img_38647.jpg,0
img_5283.jpg,1
img_33787.jpg,0
img_37917.jpg,0
img_24975.jpg,0
img_35880.jpg,1
img_15621.jpg,1
img_36775.jpg,1
img_28302.jpg,1
img_30919.jpg,1
img_32083.jpg,1
img_35301.jpg,0
img_34670.jpg,0
img_36962.jpg,0
img_6497.jpg,0
img_9968.jpg,0
img_35064.jpg,0
img_4929.jpg,0
img_30535.jpg,1
img_20071.jpg,0
img_3299.jpg,0
img_32770.jpg,1
img_39572.jpg,1
img_18764.jpg,1
img_34861.jpg,1
img_41416.jpg,1
img_11900.jpg,1
img_23923.jpg,1
img_7184.jpg,0
img_24660.jpg,0
img_6931.jpg,0
img_36468.jpg,0
img_29543.jpg,0
img_36895.jpg,1
img_36721.jpg,0
img_32648.jpg,1
img_32587.jpg,1
img_17470.jpg,0
img_1096.jpg,0
img_38625.jpg,0
img_21027.jpg,1
img_36572.jpg,1
img_2193.jpg,0
img_39472.jpg,1
img_34461.jpg,1
img_33904.jpg,0
img_8604.jpg,1
img_38005.jpg,1
img_22867.jpg,0
img_10468.jpg,0
img_37201.jpg,1
img_9441.jpg,0
img_32177.jpg,0
img_41121.jpg,0
img_18723.jpg,1
img_23989.jpg,1
img_17673.jpg,0
img_24475.jpg,0
img_35117.jpg,1
img_16746.jpg,0
img_39868.jpg,0
img_260.jpg,0
img_11274.jpg,0
img_27996.jpg,0
img_31332.jpg,1
img_4371.jpg,0
img_35223.jpg,1
img_9708.jpg,0
img_25540.jpg,0
img_7344.jpg,1
img_3067.jpg,0
img_12480.jpg,0
img_23467.jpg,0
img_19655.jpg,0
img_33309.jpg,1
img_29687.jpg,0
img_11272.jpg,0
img_25393.jpg,1
img_13316.jpg,0
img_35247.jpg,1
img_5960.jpg,1
img_40437.jpg,0
img_8574.jpg,0
img_108.jpg,0
img_12880.jpg,0
img_11623.jpg,0
img_41097.jpg,0
img_4987.jpg,0
img_30042.jpg,0
img_22150.jpg,1
img_30880.jpg,1
img_27393.jpg,1
img_38358.jpg,1
img_13163.jpg,0
img_14002.jpg,0
img_31940.jpg,0
img_33819.jpg,0
img_9560.jpg,1
img_15316.jpg,1
img_10291.jpg,0
img_29382.jpg,0
img_41003.jpg,1
img_36411.jpg,0
img_27354.jpg,1
img_9651.jpg,0
img_2535.jpg,0
img_33912.jpg,0
img_32196.jpg,1
img_13443.jpg,1
img_4564.jpg,0
img_1794.jpg,1
img_4816.jpg,0
img_31827.jpg,0
img_24200.jpg,0
img_11862.jpg,0
img_12149.jpg,0
img_27569.jpg,1
img_8004.jpg,1
img_22939.jpg,1
img_30036.jpg,0
img_11121.jpg,0
img_7972.jpg,1
img_5805.jpg,0
img_13232.jpg,0
img_12785.jpg,0
img_13333.jpg,1
img_18148.jpg,0
img_18703.jpg,1
img_26765.jpg,0
img_9040.jpg,0
img_4021.jpg,0
img_29054.jpg,0
img_27495.jpg,1
img_14858.jpg,1
img_27384.jpg,0
img_2989.jpg,1
img_12296.jpg,1
img_21733.jpg,0
img_32915.jpg,1
img_3073.jpg,1
img_21726.jpg,1
img_17858.jpg,1
img_5895.jpg,0
img_27657.jpg,1
img_8067.jpg,1
img_17391.jpg,0
img_18306.jpg,1
img_12917.jpg,0
img_31510.jpg,1
img_24676.jpg,0
img_28257.jpg,1
img_16807.jpg,1
img_22105.jpg,0
img_18519.jpg,1
img_12026.jpg,1
img_29435.jpg,0
img_35601.jpg,1
img_38984.jpg,0
img_25619.jpg,1
img_16542.jpg,0
img_6719.jpg,0
img_22381.jpg,1
img_8286.jpg,1
img_36444.jpg,0
img_37264.jpg,0
img_35290.jpg,0
img_33887.jpg,0
img_31488.jpg,1
img_24619.jpg,1
img_28598.jpg,0
img_5150.jpg,1
img_16907.jpg,0
img_35029.jpg,0
img_7185.jpg,0
img_3683.jpg,1
img_38444.jpg,0
img_34114.jpg,0
img_4542.jpg,1
img_16540.jpg,0
img_11340.jpg,1
img_7792.jpg,0
img_19401.jpg,0
img_28907.jpg,0
img_19691.jpg,0
img_15614.jpg,0
img_18499.jpg,0
img_9426.jpg,1
img_26380.jpg,1
img_17539.jpg,0
img_19694.jpg,1
img_15214.jpg,0
img_13514.jpg,0
img_38978.jpg,0
img_34985.jpg,0
img_6293.jpg,1
img_21493.jpg,0
img_11530.jpg,0
img_33194.jpg,0
img_16585.jpg,1
img_5457.jpg,1
img_31249.jpg,0
img_1890.jpg,0
img_40022.jpg,0
img_24482.jpg,0
img_28132.jpg,1
img_14697.jpg,1
img_15115.jpg,0
img_27936.jpg,1
img_15131.jpg,1
img_39239.jpg,0
img_1544.jpg,0
img_40457.jpg,1
img_40728.jpg,0
img_4503.jpg,1
img_40773.jpg,1
img_37834.jpg,0
img_7462.jpg,1
img_2851.jpg,0
img_12946.jpg,1
img_22819.jpg,1
img_9147.jpg,1
img_267.jpg,0
img_33380.jpg,1
img_33423.jpg,0
img_17665.jpg,1
img_37362.jpg,1
img_23974.jpg,1
img_28556.jpg,0
img_34956.jpg,1
img_16239.jpg,0
img_31710.jpg,1
img_17793.jpg,0
img_15126.jpg,0
img_2029.jpg,1
img_38914.jpg,0
img_9833.jpg,1
img_33808.jpg,0
img_8335.jpg,1
img_7358.jpg,1
img_14899.jpg,1
img_28949.jpg,1
img_3943.jpg,0
img_38291.jpg,1
img_1462.jpg,0
img_27801.jpg,0
img_41571.jpg,0
img_25590.jpg,1
img_11683.jpg,1
img_27465.jpg,1
img_35716.jpg,1
img_36966.jpg,1
img_28462.jpg,1
img_17259.jpg,1
img_20946.jpg,0
img_26722.jpg,1
img_4681.jpg,1
img_22308.jpg,0
img_24389.jpg,0
img_21492.jpg,0
img_15661.jpg,1
img_25843.jpg,1
img_37434.jpg,0
img_1495.jpg,0
img_25392.jpg,0
img_13201.jpg,1
img_25803.jpg,0
img_3705.jpg,1
img_11787.jpg,0
img_32948.jpg,1
img_11436.jpg,1
img_2357.jpg,1
img_23558.jpg,1
img_19724.jpg,0
img_14512.jpg,0
img_24494.jpg,1
img_3703.jpg,1
img_23635.jpg,0
img_2499.jpg,1
img_33413.jpg,1
img_29251.jpg,0
img_39361.jpg,0
img_32628.jpg,1
img_63.jpg,0
img_7394.jpg,0
img_41837.jpg,0
img_30302.jpg,1
img_25205.jpg,1
img_39183.jpg,1
img_6213.jpg,1
img_13381.jpg,0
img_3641.jpg,1
img_4654.jpg,0
img_27998.jpg,0
img_37801.jpg,0
img_14980.jpg,1
img_10438.jpg,0
img_4075.jpg,1
img_12466.jpg,0
img_15089.jpg,1
img_28393.jpg,0
img_27260.jpg,1
img_9099.jpg,0
img_13685.jpg,1
img_36272.jpg,0
img_20670.jpg,0
img_21272.jpg,1
img_39222.jpg,0
img_9664.jpg,1
img_13218.jpg,0
img_16101.jpg,1
img_41229.jpg,1
img_4387.jpg,0
img_30485.jpg,1
img_26211.jpg,0
img_23070.jpg,0
img_31102.jpg,1
img_34363.jpg,0
img_28730.jpg,0
img_1353.jpg,0
img_2631.jpg,0
img_935.jpg,1
img_26550.jpg,1
img_20481.jpg,1
img_39506.jpg,0
img_35550.jpg,0
img_18304.jpg,1
img_11672.jpg,1
img_2116.jpg,1
img_9486.jpg,0
img_2038.jpg,0
img_33821.jpg,1
img_7109.jpg,0
img_16979.jpg,1
img_12097.jpg,0
img_18309.jpg,1
img_35425.jpg,0
img_18457.jpg,0
img_1759.jpg,1
img_25583.jpg,1
img_38198.jpg,1
img_31977.jpg,0
img_20796.jpg,0
img_39056.jpg,1
img_8854.jpg,0
img_20627.jpg,0
img_8074.jpg,1
img_17820.jpg,1
img_8656.jpg,1
img_37229.jpg,1
img_10992.jpg,0
img_24111.jpg,1
img_10945.jpg,0
img_33455.jpg,1
img_21194.jpg,1
img_17899.jpg,0
img_7706.jpg,0
img_30089.jpg,1
img_4691.jpg,1
img_29946.jpg,0
img_39536.jpg,0
img_33049.jpg,1
img_4831.jpg,1
img_38297.jpg,1
img_9453.jpg,1
img_38257.jpg,1
img_39294.jpg,1
img_10394.jpg,1
img_12088.jpg,0
img_11615.jpg,0
img_41626.jpg,0
img_18129.jpg,0
img_41706.jpg,1
img_16924.jpg,0
img_13068.jpg,1
img_15790.jpg,0
img_41480.jpg,0
img_23466.jpg,1
img_25511.jpg,0
img_20328.jpg,1
img_12617.jpg,0
img_39108.jpg,1
img_1259.jpg,0
img_14528.jpg,1
img_11956.jpg,1
img_32373.jpg,0
img_20934.jpg,1
img_16213.jpg,0
img_39371.jpg,0
img_37124.jpg,1
img_676.jpg,0
img_1076.jpg,0
img_21945.jpg,1
img_29953.jpg,1
img_27986.jpg,0
img_32091.jpg,1
img_14282.jpg,1
img_27514.jpg,1
img_6693.jpg,1
img_28502.jpg,0
img_26751.jpg,0
img_5722.jpg,1
img_6850.jpg,1
img_41995.jpg,0
img_20696.jpg,1
img_412.jpg,0
img_33961.jpg,0
img_418.jpg,0
img_29134.jpg,1
img_28974.jpg,1
img_3533.jpg,0
img_9223.jpg,0
img_20988.jpg,1
img_19838.jpg,0
img_15135.jpg,1
img_6846.jpg,1
img_11967.jpg,1
img_25355.jpg,1
